[backfill] invoked: stage=full limit=5 execute=true
(node:51162) [MODULE_TYPELESS_PACKAGE_JSON] Warning: Module type of file:///Users/kevinfietek/dev/kitchfix-intranet/src/lib/sheets.js is not specified and it doesn't parse as CommonJS.
Reparsing as ES module because module syntax was detected. This incurs a performance overhead.
To eliminate this warning, add "type": "module" to /Users/kevinfietek/dev/kitchfix-intranet/package.json.
(Use `node --trace-warnings ...` to show where the warning was created)
[backfill] cohort=128  pending=128
[backfill] selected 128 target(s) for stage=full

[backfill] ──── aea248be-375a-48cb-a93f-a9a1335cea52  (What Chefs Want #1463215)  total=$-41.90
[backfill]   url(raw): https://drive.google.com/file/d/1ajz8VhiXJwJsWsXQz7Gm6pglLvVzIbJP/view?usp=drivesdk
[backfill]   downloaded 327911 bytes
[backfill]   pdf pages: 1  extracted: 1  type(s): image
[AI Scan] aea248be-375a-48cb-a93f-a9a1335cea52: Extracted 2 line items
[backfill]   PG ai_line_items rows: 2
[backfill]   Sheet AI_LINE_ITEMS "STL - MO" rows for uuid: 2
[backfill]   per-line arithmetic (|qty*unit - ext| <= 2%|ext| + 0.01):
[backfill]     L1  HOLD  qty=1  unit=17.9500  ext=-17.95  calc=17.95  drift=35.9000  "POTATO - RUSSET #2"
[backfill]     L2  HOLD  qty=1  unit=23.9500  ext=-23.95  calc=23.95  drift=47.9000  "POTATO - YUKON B SIZE"
[backfill]   RECONCILIATION:
[backfill]     sum(extracted extended_price) = $-41.90
[backfill]     stored total_amount           = $-41.90
[backfill]     diff                          = $0.00  (MATCH within tol)

[backfill] ──── 3de016a2-2203-494f-a3d0-9a971cf3d28c  (Kuna Foodservice #214242-00)  total=$6174.59
[backfill]   url(raw): https://drive.google.com/file/d/1JazSHL-iVYwmHbP4cHqzVEioFZxNCvpv/view?usp=drivesdk
[backfill]   downloaded 657216 bytes
[backfill]   pdf pages: 2  extracted: 2  type(s): image
[AI Scan] 3de016a2-2203-494f-a3d0-9a971cf3d28c: Extracted 20 line items
[backfill]   PG ai_line_items rows: 20
[backfill]   Sheet AI_LINE_ITEMS "STL - MO" rows for uuid: 20
[backfill]   per-line arithmetic (|qty*unit - ext| <= 2%|ext| + 0.01):
[backfill]     L1  PASS  qty=2  unit=11.3700  ext=22.74  calc=22.74  drift=0.0000  "RED ONIONS 8/2#"
[backfill]     L2  PASS  qty=2  unit=41.0600  ext=82.12  calc=82.12  drift=0.0000  "GALA APPLES EXTRA FANCY 125 CT TRAY"
[backfill]     L3  PASS  qty=1  unit=63.1000  ext=63.10  calc=63.10  drift=0.0000  "CABBAGE GREEN 4 COUNT 18 POUNDS"
[backfill]     L4  PASS  qty=2  unit=7.0500  ext=14.10  calc=14.10  drift=0.0000  "WHITE ONIONS U.S. #1 8/2#"
[backfill]     L5  PASS  qty=1  unit=9.3700  ext=9.37  calc=9.37  drift=0.0000  "CUCUMBER SLICER 12 CT"
[backfill]     L6  PASS  qty=1  unit=11.2600  ext=11.26  calc=11.26  drift=0.0000  "C5 ROMAINE 24 CT SPLIT HALF"
[backfill]     L7  PASS  qty=3  unit=28.9800  ext=86.94  calc=86.94  drift=0.0000  "CELERY STALK 30 CT"
[backfill]     L8  PASS  qty=2  unit=20.6700  ext=41.34  calc=41.34  drift=0.0000  "ORGANIC CARROTS 5# CELLO 8 CT"
[backfill]     L9  PASS  qty=1  unit=75.1000  ext=75.10  calc=75.10  drift=0.0000  "CAULIFLOWER 12 CT"
[backfill]     L10  PASS  qty=6.24  unit=20.2600  ext=126.42  calc=126.42  drift=0.0024  "CHEESE ASIAGO WHEEL IMPORTED"
[backfill]     L11  PASS  qty=4.12  unit=19.4000  ext=79.93  calc=79.93  drift=0.0020  "CHEESE PECORINO ROMANO WHOLE"
[backfill]     L12  PASS  qty=4.15  unit=20.8700  ext=86.61  calc=86.61  drift=0.0005  "CHEESE PROVOLONE AGED SHARP"
[backfill]     L13  PASS  qty=3  unit=18.0000  ext=54.00  calc=54.00  drift=0.0000  "OLIVE OIL EXTRA VIRGIN GR 3 LITER"
[backfill]     L14  PASS  qty=18.63  unit=14.2500  ext=265.48  calc=265.48  drift=0.0025  "BEEF SHORT RIB BONELESS CHOICE ANGUS"
[backfill]     L15  PASS  qty=10.61  unit=6.5000  ext=68.97  calc=68.97  drift=0.0050  "BEEF SIRLOIN FLAG MEAT USE GY ANGST"
[backfill]     L16  PASS  qty=20.67  unit=3.0600  ext=63.25  calc=63.25  drift=0.0002  "CHICKEN THIGH MEAT BONELESS SKINLESS"
[backfill]     L17  PASS  qty=21.16  unit=2.5000  ext=52.90  calc=52.90  drift=0.0000  "GROUND PORK 80/20"
[backfill]     L18  PASS  qty=1  unit=22.4100  ext=22.41  calc=22.41  drift=0.0000  "FLOUR UNBLEACHED HIGH PROTEIN"
[backfill]     L19  PASS  qty=1  unit=21.6300  ext=21.63  calc=21.63  drift=0.0000  "RICE JASMINE 25 LB"
[backfill]     L20  PASS  qty=1  unit=5.3900  ext=5.39  calc=5.39  drift=0.0000  "GRAND TOTAL DISCRIPTION"
[backfill]   RECONCILIATION:
[backfill]     sum(extracted extended_price) = $1253.06
[backfill]     stored total_amount           = $6174.59
[backfill]     diff                          = $-4921.53  (MISMATCH)

[backfill] ──── e0f5d9b8-cbe1-4aad-bfd9-2ab1e2169000  (Kuna Foodservice #215530-00)  total=$434.77
[backfill]   url(raw): https://drive.google.com/file/d/1oClTIAgpqIhGufdm7zTVkTLHSitFsJ7w/view?usp=drivesdk
[backfill]   downloaded 335802 bytes
[backfill]   pdf pages: 1  extracted: 1  type(s): image
[AI Scan] e0f5d9b8-cbe1-4aad-bfd9-2ab1e2169000: Extracted 10 line items
[backfill]   PG ai_line_items rows: 10
[backfill]   Sheet AI_LINE_ITEMS "STL - MO" rows for uuid: 10
[backfill]   per-line arithmetic (|qty*unit - ext| <= 2%|ext| + 0.01):
[backfill]     L1  PASS  qty=2  unit=30.0400  ext=60.08  calc=60.08  drift=0.0000  "RED BELL PEPPER 1 1/9 SCHED"
[backfill]     L2  PASS  qty=1  unit=10.2000  ext=10.20  calc=10.20  drift=0.0000  "KELL AVOCADO PEI I GAL SCHED"
[backfill]     L3  PASS  qty=1  unit=2.4700  ext=2.47  calc=2.47  drift=0.0000  "SEARED MED GULF 24 OZ"
[backfill]     L4  PASS  qty=1  unit=4.6200  ext=4.62  calc=4.62  drift=0.0000  "GROUND MED GULF 24 OZ"
[backfill]     L5  PASS  qty=1  unit=1.1000  ext=1.10  calc=1.10  drift=0.0000  "KELL AVOCADO MEDIA SHPTS"
[backfill]     L6  PASS  qty=7  unit=2.5000  ext=17.50  calc=17.50  drift=0.0000  "CILANTRO FULL BOUQUET"
[backfill]     L7  PASS  qty=1  unit=111.3100  ext=111.31  calc=111.31  drift=0.0000  "USDA CHOICE SIDR & ENDS JACK IS 25 LB"
[backfill]     L8  HOLD  qty=0  unit=0.0000  ext=411.21  calc=0.00  drift=411.2100  "GROUND TOTAL"
[backfill]     L9  PASS  qty=0  unit=0.0000  ext=0.00  calc=0.00  drift=0.0000  "TAX"
[backfill]     L10  HOLD  qty=0  unit=0.0000  ext=434.27  calc=0.00  drift=434.2700  "AMOUNT"
[backfill]   RECONCILIATION:
[backfill]     sum(extracted extended_price) = $1052.76
[backfill]     stored total_amount           = $434.77
[backfill]     diff                          = $617.99  (MISMATCH)

[backfill] ──── c65281db-a82f-4770-9aad-452b426c3b9a  (Rolling Lawn Farms #129357)  total=$83.09
[backfill]   url(raw): https://drive.google.com/file/d/17g1uGBvd6Jzk86nm3uJ7N6UUZsevXObl/view?usp=drivesdk
[backfill]   downloaded 268989 bytes
[backfill]   pdf pages: 1  extracted: 1  type(s): image
[AI Scan] c65281db-a82f-4770-9aad-452b426c3b9a: Extracted 4 line items
[backfill]   PG ai_line_items rows: 4
[backfill]   Sheet AI_LINE_ITEMS "STL - MO" rows for uuid: 4
[backfill]   per-line arithmetic (|qty*unit - ext| <= 2%|ext| + 0.01):
[backfill]     L1  PASS  qty=4  unit=4.9900  ext=19.96  calc=19.96  drift=0.0000  "Whole Milk - Gallon"
[backfill]     L2  PASS  qty=4  unit=3.9900  ext=15.96  calc=15.96  drift=0.0000  "Chocolate Milk - 64 oz."
[backfill]     L3  PASS  qty=6  unit=7.3400  ext=44.04  calc=44.04  drift=0.0000  "Heavy Cream - 32 oz."
[backfill]     L4  PASS  qty=1  unit=3.1300  ext=3.13  calc=3.13  drift=0.0000  "Whole Milk - 64 oz."
[backfill]   RECONCILIATION:
[backfill]     sum(extracted extended_price) = $83.09
[backfill]     stored total_amount           = $83.09
[backfill]     diff                          = $0.00  (MATCH within tol)

[backfill] ──── c1e5c4e9-0d71-474d-9c38-330bed879166  (Fortune Fish & Gourmet #355194-26-06)  total=$342.96
[backfill]   url(raw): https://drive.google.com/file/d/1mXjeRSUfdL0otdPkORiQOFkZAcU3PVbM/view?usp=drivesdk
[backfill]   downloaded 316583 bytes
[backfill]   pdf pages: 1  extracted: 1  type(s): image
[AI Scan] c1e5c4e9-0d71-474d-9c38-330bed879166: Extracted 4 line items
[backfill]   PG ai_line_items rows: 4
[backfill]   Sheet AI_LINE_ITEMS "STL - MO" rows for uuid: 4
[backfill]   per-line arithmetic (|qty*unit - ext| <= 2%|ext| + 0.01):
[backfill]     L1  PASS  qty=12  unit=17.7900  ext=213.48  calc=213.48  drift=0.0000  "VIN Balsamic Oro 250ml IGP **Acetobalsamic 12/cs"
[backfill]     L2  PASS  qty=1  unit=41.4900  ext=41.49  calc=41.49  drift=0.0000  "Di Stefano 4oz Burrata 12/4oz **#101DC 12/4oz case"
[backfill]     L3  PASS  qty=1  unit=82.9900  ext=82.99  calc=82.99  drift=0.0000  "Calabrian Chili Crushed in oil **GD055 Delizie 2/2"
[backfill]     L4  PASS  qty=1  unit=5.0000  ext=5.00  calc=5.00  drift=0.0000  "Global Fuel Surcharge"
[backfill]   RECONCILIATION:
[backfill]     sum(extracted extended_price) = $342.96
[backfill]     stored total_amount           = $342.96
[backfill]     diff                          = $0.00  (MATCH within tol)

[backfill] ──── 7e93d9da-a9be-43be-b40a-83f893f17911  (Fortune Fish & Gourmet #355769-26-06)  total=$360.56
[backfill]   url(raw): https://drive.google.com/file/d/1das0SQtIPf4nyRjOc9TSm4cXMpXCzL32/view?usp=drivesdk
[backfill]   downloaded 375417 bytes
[backfill]   pdf pages: 1  extracted: 1  type(s): image
[AI Scan] 7e93d9da-a9be-43be-b40a-83f893f17911: Extracted 4 line items
[backfill]   PG ai_line_items rows: 4
[backfill]   Sheet AI_LINE_ITEMS "STL - MO" rows for uuid: 4
[backfill]   per-line arithmetic (|qty*unit - ext| <= 2%|ext| + 0.01):
[backfill]     L1  PASS  qty=20  unit=2.9900  ext=59.80  calc=59.80  drift=0.0000  "20 lb. Plastic Tubs & Lids"
[backfill]     L2  PASS  qty=20  unit=5.3900  ext=107.80  calc=107.80  drift=0.0000  "10 lb. Plastic Tubs & Lids"
[backfill]     L3  PASS  qty=4  unit=46.9900  ext=187.96  calc=187.96  drift=0.0000  "OIL OLIVE EV PARTANNA 3Liter"
[backfill]     L4  PASS  qty=1  unit=5.0000  ext=5.00  calc=5.00  drift=0.0000  "Global Fuel Surcharge"
[backfill]   RECONCILIATION:
[backfill]     sum(extracted extended_price) = $360.56
[backfill]     stored total_amount           = $360.56
[backfill]     diff                          = $0.00  (MATCH within tol)

[backfill] ──── cac4a40f-144d-43fc-851b-efb18f79de42  (What Chefs Want #12542830)  total=$201.40
[backfill]   url(raw): https://drive.google.com/file/d/1NXhG5pzh3DB3TWYtTZceDMB2_L6-OU1c/view?usp=drivesdk
[backfill]   downloaded 392564 bytes
[backfill]   pdf pages: 1  extracted: 1  type(s): image
[AI Scan] cac4a40f-144d-43fc-851b-efb18f79de42: Extracted 5 line items
[backfill]   PG ai_line_items rows: 5
[backfill]   Sheet AI_LINE_ITEMS "STL - MO" rows for uuid: 5
[backfill]   per-line arithmetic (|qty*unit - ext| <= 2%|ext| + 0.01):
[backfill]     L1  PASS  qty=6  unit=0.9500  ext=5.70  calc=5.70  drift=0.0000  "HERB - CILANTRO FRESH"
[backfill]     L2  PASS  qty=1  unit=11.6500  ext=11.65  calc=11.65  drift=0.0000  "CHEESE - MASCARPONE ITALIAN"
[backfill]     L3  PASS  qty=1  unit=22.4000  ext=22.40  calc=22.40  drift=0.0000  "SAUCE - CHILI SAMBAL OELEK"
[backfill]     L4  PASS  qty=1  unit=59.6500  ext=59.65  calc=59.65  drift=0.0000  "ASPARAGUS - JUMBO"
[backfill]     L5  PASS  qty=1  unit=102.0000  ext=102.00  calc=102.00  drift=0.0000  "BUTTER - CLARIFIED PLUGRA UNSL"
[backfill]   RECONCILIATION:
[backfill]     sum(extracted extended_price) = $201.40
[backfill]     stored total_amount           = $201.40
[backfill]     diff                          = $0.00  (MATCH within tol)

[backfill] ──── 32227b2d-5148-41d8-a098-2ab3696b8f12  (City Seafood #INV24019 - 04/23/26)  total=$798.89
[backfill]   url(raw): https://drive.google.com/file/d/1hx9KmnUzoT5EnOUFIQaEw8MQrKgjllzK/view?usp=drivesdk
[backfill]   downloaded 219020 bytes
[backfill]   pdf pages: 1  extracted: 1  type(s): image
[AI Scan] 32227b2d-5148-41d8-a098-2ab3696b8f12: Extracted 3 line items
[backfill]   PG ai_line_items rows: 3
[backfill]   Sheet AI_LINE_ITEMS "STL - MO" rows for uuid: 3
[backfill]   per-line arithmetic (|qty*unit - ext| <= 2%|ext| + 0.01):
[backfill]     L1  PASS  qty=10  unit=41.2800  ext=412.75  calc=412.80  drift=0.0500  "CRABMEAT COL J LUMP P HAIKU"
[backfill]     L2  PASS  qty=10  unit=26.0000  ext=260.00  calc=260.00  drift=0.0000  "LOBSTER TL 6-7 OZ CAN"
[backfill]     L3  PASS  qty=6  unit=21.0200  ext=126.14  calc=126.12  drift=0.0200  "CRAWFISH TAIL DOMESTIC"
[backfill]   RECONCILIATION:
[backfill]     sum(extracted extended_price) = $798.89
[backfill]     stored total_amount           = $798.89
[backfill]     diff                          = $0.00  (MATCH within tol)

[backfill] ──── 9c468a23-3339-4da8-9dac-64a90a420677  (Kuna Foodservice #217671-00)  total=$4269.20
[backfill]   url(raw): https://drive.google.com/file/d/1WmqMCap7CgoMZ8bT3-E1NhKgp5dvk7fi/view?usp=drivesdk
[backfill]   downloaded 1078340 bytes
[backfill]   pdf pages: 3  extracted: 3  type(s): image
[AI Scan] 9c468a23-3339-4da8-9dac-64a90a420677: Extracted 37 line items
[backfill]   PG ai_line_items rows: 37
[backfill]   Sheet AI_LINE_ITEMS "STL - MO" rows for uuid: 37
[backfill]   per-line arithmetic (|qty*unit - ext| <= 2%|ext| + 0.01):
[backfill]     L1  HOLD  qty=2023  unit=2.1400  ext=211.24  calc=4329.22  drift=4117.9800  "PEARS WINTER SECKEL 18 LB"
[backfill]     L2  PASS  qty=1  unit=30.1100  ext=30.11  calc=30.11  drift=0.0000  "GINGER 5/8 OZ PICKLED BIO GINGER GARI PINK"
[backfill]     L3  PASS  qty=1  unit=34.0200  ext=34.02  calc=34.02  drift=0.0000  "BELL PEPPER GALA 16 CT"
[backfill]     L4  PASS  qty=1  unit=116.3700  ext=116.37  calc=116.37  drift=0.0000  "CHILI POWDER 25 LB"
[backfill]     L5  PASS  qty=1  unit=72.5700  ext=72.57  calc=72.57  drift=0.0000  "WALNUTS TOASTED WALNUT HALVES 5 LB"
[backfill]     L6  PASS  qty=2  unit=72.5900  ext=145.18  calc=145.18  drift=0.0000  "LIME FRESH JUICE 18 LB"
[backfill]     L7  PASS  qty=1  unit=11.1000  ext=11.10  calc=11.10  drift=0.0000  "CHICKEN BREAST SMART CK ON BACK FRESH"
[backfill]     L8  PASS  qty=2  unit=11.2900  ext=22.58  calc=22.58  drift=0.0000  "COL JACKFRUIT POT 6 GALLON PER CASE"
[backfill]     L9  PASS  qty=1  unit=6.8200  ext=6.82  calc=6.82  drift=0.0000  "SAVOY KALE SMART CK GALLON CHOPPED PER CASE"
[backfill]     L10  PASS  qty=1  unit=6.8300  ext=6.83  calc=6.83  drift=0.0000  "CILANTRO SMART 12 CT OR BOLIT FULL CASE"
[backfill]     L11  PASS  qty=1  unit=98.5100  ext=98.51  calc=98.51  drift=0.0000  "SCALLION BUNCHED 48 BUNCHES PER CASE"
[backfill]     L12  PASS  qty=1  unit=13.2400  ext=13.24  calc=13.24  drift=0.0000  "BULK AVOCADO PIT 6 GALLON LIKE LOW FAT"
[backfill]     L13  PASS  qty=2  unit=204.5400  ext=409.08  calc=409.08  drift=0.0000  "MILD MINT SMART OK 5 LB CHOPPED READY FRESH"
[backfill]     L14  PASS  qty=1  unit=11.0200  ext=11.02  calc=11.02  drift=0.0000  "BLUE CHEESE SMART CK OR FRESH"
[backfill]     L15  PASS  qty=1  unit=45.0400  ext=45.04  calc=45.04  drift=0.0000  "LIME BASIL SAUCE 5 LB"
[backfill]     L16  PASS  qty=1  unit=55.2000  ext=55.20  calc=55.20  drift=0.0000  "THAI BASIL SAUCE 5 LB"
[backfill]     L17  PASS  qty=2  unit=6.2000  ext=12.40  calc=12.40  drift=0.0000  "GOATS SMART CK CT"
[backfill]     L18  PASS  qty=1  unit=12.6200  ext=12.62  calc=12.62  drift=0.0000  "GLORYS SMART CK 8 CT"
[backfill]     L19  PASS  qty=1  unit=10.4000  ext=10.40  calc=10.40  drift=0.0000  "GLAZES SMART CK CT"
[backfill]     L20  PASS  qty=2  unit=15.2000  ext=30.40  calc=30.40  drift=0.0000  "LLAMA SAUCE 6 CT"
[backfill]     L21  PASS  qty=1  unit=9.7300  ext=9.73  calc=9.73  drift=0.0000  "SUPREMES SMART CK 6 CT"
[backfill]     L22  PASS  qty=1  unit=5.7300  ext=5.73  calc=5.73  drift=0.0000  "SUPREMES SMART CK CT"
[backfill]     L23  PASS  qty=2  unit=7.1000  ext=14.20  calc=14.20  drift=0.0000  "GOLDEN PLUMS 12 EACH OR BOLIT LL"
[backfill]     L24  PASS  qty=1  unit=7.0400  ext=7.04  calc=7.04  drift=0.0000  "DILL JALEPENO CR PECK CT CUBED 11 PER CASE/CT"
[backfill]     L25  PASS  qty=1  unit=16.7200  ext=16.72  calc=16.72  drift=0.0000  "DILL JALEPENO HL 6 CT CUBED 11 PER PER CASE"
[backfill]     L26  PASS  qty=1  unit=7.6000  ext=7.60  calc=7.60  drift=0.0000  "DILL JALEPENO HL 7 CT CUBED 9/6 PER CASE"
[backfill]     L27  PASS  qty=2  unit=6.7100  ext=13.42  calc=13.42  drift=0.0000  "GOLDEN PTE 2 CT CUBED 9/6 PER CASE"
[backfill]     L28  PASS  qty=1  unit=6.7400  ext=6.74  calc=6.74  drift=0.0000  "COLLAPRESSED  2 CT CUBED 9/6 PER CASE"
[backfill]     L29  PASS  qty=1  unit=8.3100  ext=8.31  calc=8.31  drift=0.0000  "LIME BASIL SAUCE 6 CT"
[backfill]     L30  PASS  qty=2  unit=12.5600  ext=25.12  calc=25.12  drift=0.0000  "SUPREMES SMART CK 8 CT"
[backfill]     L31  PASS  qty=1  unit=10.2000  ext=10.20  calc=10.20  drift=0.0000  "GLAZES SMART CK 6 CT"
[backfill]     L32  PASS  qty=1  unit=93.2000  ext=93.20  calc=93.20  drift=0.0000  "DILL JALEPENO HL CUBED 11"
[backfill]     L33  PASS  qty=1  unit=36.4600  ext=36.46  calc=36.46  drift=0.0000  "SUPREMES SMART CK 12 CT"
[backfill]     L34  PASS  qty=1  unit=15.2400  ext=15.24  calc=15.24  drift=0.0000  "PLATED BLACK MITE NITRITE 18 CT"
[backfill]     L35  PASS  qty=1  unit=35.1800  ext=35.18  calc=35.18  drift=0.0000  "PLATED BLACK MITE NITRITE"
[backfill]     L36  PASS  qty=1  unit=45.2200  ext=45.22  calc=45.22  drift=0.0000  "GLAZES SMART CK SUNRAY"
[backfill]     L37  PASS  qty=1  unit=70.9800  ext=70.98  calc=70.98  drift=0.0000  "ORGANIC SAGE 56 CT"
[backfill]   RECONCILIATION:
[backfill]     sum(extracted extended_price) = $1775.82
[backfill]     stored total_amount           = $4269.20
[backfill]     diff                          = $-2493.38  (MISMATCH)

[backfill] ──── b44c9b0b-86a0-4115-9695-3b572bdfcfef  (Kuna Foodservice #22416-00)  total=$441.77
[backfill]   url(raw): https://drive.google.com/file/d/1rtBYxrFkf1CxZuCGYjYp-tEywGkxftY9/view?usp=drivesdk
[backfill]   downloaded 386014 bytes
[backfill]   pdf pages: 1  extracted: 1  type(s): image
[AI Scan] b44c9b0b-86a0-4115-9695-3b572bdfcfef: Extracted 9 line items
[backfill]   PG ai_line_items rows: 9
[backfill]   Sheet AI_LINE_ITEMS "STL - MO" rows for uuid: 9
[backfill]   per-line arithmetic (|qty*unit - ext| <= 2%|ext| + 0.01):
[backfill]     L1  PASS  qty=7  unit=0.0000  ext=0.00  calc=0.00  drift=0.0000  "COTSWALD SMOKERY"
[backfill]     L2  PASS  qty=1  unit=33.6600  ext=33.66  calc=33.66  drift=0.0000  "CROSS SECTIONS UNCOOKED LAMB"
[backfill]     L3  PASS  qty=1  unit=86.9900  ext=86.99  calc=86.99  drift=0.0000  "ROSS SALMONS 1 OZ SHELF LIFE SMOKED SALMON"
[backfill]     L4  PASS  qty=2  unit=86.9900  ext=173.98  calc=173.98  drift=0.0000  "ROSS SALMONS 1 OZ SHELF LIFE SMOKED SALMON"
[backfill]     L5  PASS  qty=1  unit=22.4400  ext=22.44  calc=22.44  drift=0.0000  "CHEESE CURDS WISCONSIN SHAPED"
[backfill]     L6  PASS  qty=1  unit=22.4400  ext=22.44  calc=22.44  drift=0.0000  "CHEESE CURDS WISCONSIN SHAPED"
[backfill]     L7  PASS  qty=1  unit=33.4700  ext=33.47  calc=33.47  drift=0.0000  "CROSS SECTIONS UNCOOKED LAMB"
[backfill]     L8  PASS  qty=1  unit=26.1500  ext=26.15  calc=26.15  drift=0.0000  "CHEESE CURDS WISCONSIN SHAPED"
[backfill]     L9  PASS  qty=1  unit=16.0500  ext=16.05  calc=16.05  drift=0.0000  "CROSS SECTIONS UNCOOKED LAMB"
[backfill]   RECONCILIATION:
[backfill]     sum(extracted extended_price) = $415.18
[backfill]     stored total_amount           = $441.77
[backfill]     diff                          = $-26.59  (MISMATCH)

[backfill] ──── 5d2d2bb4-e445-4cc9-bfa1-0e8f59b106e0  (What Chefs Want #12585709)  total=$1509.33
[backfill]   url(raw): https://drive.google.com/file/d/1Dkz6jIycH38EFaNivxOpWVZkchKMoMn6/view?usp=drivesdk
[backfill]   downloaded 342220 bytes
[backfill]   pdf pages: 1  extracted: 1  type(s): image
[AI Scan] 5d2d2bb4-e445-4cc9-bfa1-0e8f59b106e0: Extracted 2 line items
[backfill]   PG ai_line_items rows: 2
[backfill]   Sheet AI_LINE_ITEMS "STL - MO" rows for uuid: 2
[backfill]   per-line arithmetic (|qty*unit - ext| <= 2%|ext| + 0.01):
[backfill]     L1  PASS  qty=75.89  unit=19.2500  ext=1460.88  calc=1460.88  drift=0.0025  "BEEF - RIBEYE LIPON PRIME"
[backfill]     L2  PASS  qty=3  unit=16.1500  ext=48.45  calc=48.45  drift=0.0000  "JUICE - STRAW/ LEMONAD NATALIE"
[backfill]   RECONCILIATION:
[backfill]     sum(extracted extended_price) = $1509.33
[backfill]     stored total_amount           = $1509.33
[backfill]     diff                          = $0.00  (MATCH within tol)

[backfill] ──── 45c94195-9b77-4c88-ac48-edde4449f89f  (What Chefs Want #12538735)  total=$140.20
[backfill]   url(raw): https://drive.google.com/file/d/1F-tv9CxddKkBSrLhQX-75ebCBQtw9z2r/view?usp=drivesdk
[backfill]   downloaded 310043 bytes
[backfill]   pdf pages: 1  extracted: 1  type(s): image
[AI Scan] 45c94195-9b77-4c88-ac48-edde4449f89f: Extracted 1 line items
[backfill]   PG ai_line_items rows: 1
[backfill]   Sheet AI_LINE_ITEMS "STL - MO" rows for uuid: 1
[backfill]   per-line arithmetic (|qty*unit - ext| <= 2%|ext| + 0.01):
[backfill]     L1  PASS  qty=1  unit=140.2000  ext=140.20  calc=140.20  drift=0.0000  "KABOBS - VEGETABLE SAMOSA"
[backfill]   RECONCILIATION:
[backfill]     sum(extracted extended_price) = $140.20
[backfill]     stored total_amount           = $140.20
[backfill]     diff                          = $0.00  (MATCH within tol)

[backfill] ──── b8752796-3853-45e8-952a-ecdcccaa0895  (What Chefs Want #12581009)  total=$177.20
[backfill]   url(raw): https://drive.google.com/file/d/1VWCLhItyZpZKn2GQ6wZCRZ6a1_xhcJoI/view?usp=drivesdk
[backfill]   downloaded 329211 bytes
[backfill]   pdf pages: 1  extracted: 1  type(s): image
[AI Scan] b8752796-3853-45e8-952a-ecdcccaa0895: Extracted 9 line items
[backfill]   PG ai_line_items rows: 9
[backfill]   Sheet AI_LINE_ITEMS "STL - MO" rows for uuid: 9
[backfill]   per-line arithmetic (|qty*unit - ext| <= 2%|ext| + 0.01):
[backfill]     L1  PASS  qty=1  unit=15.9000  ext=15.90  calc=15.90  drift=0.0000  "SQUASH - ZUCCHINI"
[backfill]     L2  PASS  qty=3  unit=5.4500  ext=16.35  calc=16.35  drift=0.0000  "PEAS - SUGAR SNAP PEAS"
[backfill]     L3  PASS  qty=15  unit=0.9500  ext=14.25  calc=14.25  drift=0.0000  "HERB - CILANTRO FRESH"
[backfill]     L4  PASS  qty=1  unit=7.5500  ext=7.55  calc=7.55  drift=0.0000  "GINGER ROOT"
[backfill]     L5  PASS  qty=1  unit=8.6000  ext=8.60  calc=8.60  drift=0.0000  "CARROT - MATCHSTICK"
[backfill]     L6  PASS  qty=1  unit=16.5500  ext=16.55  calc=16.55  drift=0.0000  "SPICE - PAPRIKA SWEET HUNGARIA"
[backfill]     L7  PASS  qty=2  unit=13.5500  ext=27.10  calc=27.10  drift=0.0000  "SPICE - PAPRIKA SMOKED KENTUCKY"
[backfill]     L8  PASS  qty=1  unit=29.4500  ext=29.45  calc=29.45  drift=0.0000  "POTATO - YUKON A"
[backfill]     L9  PASS  qty=1  unit=41.4500  ext=41.45  calc=41.45  drift=0.0000  "JUICE - LEMON FRESH NATALIES"
[backfill]   RECONCILIATION:
[backfill]     sum(extracted extended_price) = $177.20
[backfill]     stored total_amount           = $177.20
[backfill]     diff                          = $0.00  (MATCH within tol)

[backfill] ──── 5dbb8361-37be-41f2-ae5c-04372dcd22ea  (Rolling Lawn Farms #129522)  total=$185.91
[backfill]   url(raw): https://drive.google.com/file/d/1xi8_7c7u3Vm4dyYQUmlYDTMwI4ixM1Wn/view?usp=drivesdk
[backfill]   downloaded 235996 bytes
[backfill]   pdf pages: 1  extracted: 1  type(s): image
[AI Scan] 5dbb8361-37be-41f2-ae5c-04372dcd22ea: Extracted 6 line items
[backfill]   PG ai_line_items rows: 6
[backfill]   Sheet AI_LINE_ITEMS "STL - MO" rows for uuid: 6
[backfill]   per-line arithmetic (|qty*unit - ext| <= 2%|ext| + 0.01):
[backfill]     L1  PASS  qty=6  unit=4.9900  ext=29.94  calc=29.94  drift=0.0000  "Whole Milk - Gallon"
[backfill]     L2  PASS  qty=5  unit=3.9900  ext=19.95  calc=19.95  drift=0.0000  "Chocolate Milk - 64 oz."
[backfill]     L3  PASS  qty=2  unit=3.1300  ext=6.26  calc=6.26  drift=0.0000  "Whole Milk - 64 oz."
[backfill]     L4  PASS  qty=2  unit=3.1300  ext=6.26  calc=6.26  drift=0.0000  "2% Milk - 64 oz."
[backfill]     L5  PASS  qty=16  unit=7.3400  ext=117.44  calc=117.44  drift=0.0000  "Heavy Cream - 32 oz."
[backfill]     L6  PASS  qty=2  unit=3.0300  ext=6.06  calc=6.06  drift=0.0000  "Orange Cream Milk - 32 oz."
[backfill]   RECONCILIATION:
[backfill]     sum(extracted extended_price) = $185.91
[backfill]     stored total_amount           = $185.91
[backfill]     diff                          = $0.00  (MATCH within tol)

[backfill] ──── cdfbb21e-5109-4e2c-9b0e-344b6d290e8d  (What Chefs Want #12568818)  total=$3431.82
[backfill]   url(raw): https://drive.google.com/file/d/1_cMVTqamIPho4mlQ9rK4aGZobs0OvYZ7/view?usp=drivesdk
[backfill]   downloaded 725476 bytes
[backfill]   pdf pages: 2  extracted: 2  type(s): image
[AI Scan] cdfbb21e-5109-4e2c-9b0e-344b6d290e8d: Extracted 45 line items
[backfill]   PG ai_line_items rows: 45
[backfill]   Sheet AI_LINE_ITEMS "STL - MO" rows for uuid: 45
[backfill]   per-line arithmetic (|qty*unit - ext| <= 2%|ext| + 0.01):
[backfill]     L1  PASS  qty=2  unit=30.1000  ext=60.20  calc=60.20  drift=0.0000  "HONEY - AMBER BULK"
[backfill]     L2  PASS  qty=2  unit=84.6000  ext=169.20  calc=169.20  drift=0.0000  "SYRUP - MAPLE GRADE A"
[backfill]     L3  PASS  qty=1  unit=17.5500  ext=17.55  calc=17.55  drift=0.0000  "CHILI POWDER - ANCHO"
[backfill]     L4  PASS  qty=2  unit=7.8000  ext=15.60  calc=15.60  drift=0.0000  "PEPPERS - RED ROASTED CANNED"
[backfill]     L5  PASS  qty=2  unit=24.3500  ext=48.70  calc=48.70  drift=0.0000  "SAUCE - TAMARI GLUTEN-FREE"
[backfill]     L6  PASS  qty=2  unit=12.5500  ext=25.10  calc=25.10  drift=0.0000  "SAUCE - OYSTER"
[backfill]     L7  PASS  qty=2  unit=4.8500  ext=9.70  calc=9.70  drift=0.0000  "MOLASSES - POMEGRANATE"
[backfill]     L8  PASS  qty=2  unit=21.6000  ext=43.20  calc=43.20  drift=0.0000  "TOMATO - SUNDRIED IN OIL"
[backfill]     L9  PASS  qty=2  unit=20.5500  ext=41.10  calc=41.10  drift=0.0000  "RICE - WILD"
[backfill]     L10  PASS  qty=2  unit=6.1000  ext=12.20  calc=12.20  drift=0.0000  "RICE PAPER - DRY SPRING ROLL 8""
[backfill]     L11  PASS  qty=4  unit=3.8500  ext=15.40  calc=15.40  drift=0.0000  "NOODLES - RICE VERMICELLI"
[backfill]     L12  PASS  qty=1  unit=33.7000  ext=33.70  calc=33.70  drift=0.0000  "KIWI FRUIT NUMBER 1"
[backfill]     L13  PASS  qty=1  unit=28.1500  ext=28.15  calc=28.15  drift=0.0000  "PINEAPPLE - GOLDEN RIPE"
[backfill]     L14  PASS  qty=2  unit=50.1500  ext=100.30  calc=100.30  drift=0.0000  "WATERMELON - RED SEEDLESS"
[backfill]     L15  PASS  qty=1  unit=51.1500  ext=51.15  calc=51.15  drift=0.0000  "AVOCADO - #1 BREAKING"
[backfill]     L16  PASS  qty=2  unit=69.7000  ext=139.40  calc=139.40  drift=0.0000  "ASPARAGUS - JUMBO"
[backfill]     L17  PASS  qty=2  unit=27.1500  ext=54.30  calc=54.30  drift=0.0000  "ONIONS - YELLOW JUMBO PREMIUM"
[backfill]     L18  PASS  qty=2  unit=19.4500  ext=38.90  calc=38.90  drift=0.0000  "ONIONS - RED JUMBO PREMIUM"
[backfill]     L19  PASS  qty=2  unit=24.7000  ext=49.40  calc=49.40  drift=0.0000  "KALE - CHOPPED"
[backfill]     L20  PASS  qty=2  unit=56.1500  ext=112.30  calc=112.30  drift=0.0000  "CAULIFLOWER - ROMANESCO"
[backfill]     L21  PASS  qty=2  unit=47.1500  ext=94.30  calc=94.30  drift=0.0000  "BROCCOLINI - BABY BROCCOLI"
[backfill]     L22  PASS  qty=2  unit=62.7000  ext=125.40  calc=125.40  drift=0.0000  "POMEGRANATE - FRESH ARILS"
[backfill]     L23  PASS  qty=1  unit=58.9500  ext=58.95  calc=58.95  drift=0.0000  "MUSHROOMS - SHIITAKE CHINESE"
[backfill]     L24  PASS  qty=2  unit=23.1500  ext=46.30  calc=46.30  drift=0.0000  "ARUGULA - BABY CLEANED"
[backfill]     L25  PASS  qty=2  unit=50.1500  ext=100.30  calc=100.30  drift=0.0000  "LETTUCE - ROMAINE HEARTS"
[backfill]     L26  PASS  qty=2  unit=14.7000  ext=29.40  calc=29.40  drift=0.0000  "LETTUCE - ARCADIAN MIX"
[backfill]     L27  PASS  qty=2  unit=57.1500  ext=114.30  calc=114.30  drift=0.0000  "TOMATO - CHERRY/HEIRLOOM"
[backfill]     L28  PASS  qty=2  unit=88.7000  ext=177.40  calc=177.40  drift=0.0000  "TOMATO - 5X6"
[backfill]     L29  PASS  qty=2  unit=65.1500  ext=130.30  calc=130.30  drift=0.0000  "TOMATO - CAMPARI/COCKTAIL"
[backfill]     L30  PASS  qty=2  unit=21.7000  ext=43.40  calc=43.40  drift=0.0000  "CUCUMBERS - SEEDLESS ENGLISH"
[backfill]     L31  PASS  qty=2  unit=31.7000  ext=63.40  calc=63.40  drift=0.0000  "SPINACH - FLAT LEAF"
[backfill]     L32  PASS  qty=1  unit=29.4500  ext=29.45  calc=29.45  drift=0.0000  "POTATO - YUKON A"
[backfill]     L33  PASS  qty=2  unit=43.1500  ext=86.30  calc=86.30  drift=0.0000  "BEANS - HARICOT VERT CLIPPED"
[backfill]     L34  PASS  qty=1  unit=39.7000  ext=39.70  calc=39.70  drift=0.0000  "PEPPERS - RED BELL"
[backfill]     L35  PASS  qty=2  unit=54.7000  ext=109.40  calc=109.40  drift=0.0000  "YOGURT - GREEK CHOBANI PLAIN 4%"
[backfill]     L36  PASS  qty=2  unit=55.1500  ext=110.30  calc=110.30  drift=0.0000  "EGGS - HARD BOILED PEELED"
[backfill]     L37  PASS  qty=2  unit=55.1500  ext=110.30  calc=110.30  drift=0.0000  "EGGS - CITRIC LIQUID WHOLE"
[backfill]     L38  PASS  qty=2  unit=108.9000  ext=217.80  calc=217.80  drift=0.0000  "CHICKEN - BREAST 6OZ IB"
[backfill]     L39  PASS  qty=2  unit=77.1500  ext=154.30  calc=154.30  drift=0.0000  "DRESSING - CAESAR CLASC GIRARD"
[backfill]     L40  PASS  qty=2  unit=121.9500  ext=243.90  calc=243.90  drift=0.0000  "DEMI GLACE - DE POULET CHICKEN"
[backfill]     L41  PASS  qty=1  unit=126.9500  ext=126.95  calc=126.95  drift=0.0000  "MAYONNAISE - DUKE'S"
[backfill]     L42  PASS  qty=1  unit=103.2000  ext=103.20  calc=103.20  drift=0.0000  "HONEY - CLOVER HONEY"
[backfill]     L43  PASS  qty=1  unit=53.7000  ext=53.70  calc=53.70  drift=0.0000  "PICKLES - DELI DILLS PUCKERED"
[backfill]     L44  PASS  qty=2  unit=176.2000  ext=352.40  calc=352.40  drift=0.0000  "BONEWERKS VEAL DEMI REDUCTION"
[backfill]     L45  PASS  qty=1  unit=66.1500  ext=66.15  calc=66.15  drift=0.0000  "TOMATO - CRUSHED RUSTIC DINAPO"
[backfill]   RECONCILIATION:
[backfill]     sum(extracted extended_price) = $3852.85
[backfill]     stored total_amount           = $3431.82
[backfill]     diff                          = $421.03  (MISMATCH)

[backfill] ──── 63872921-31de-411a-aa42-9cc3d489779d  (What Chefs Want #12575717)  total=$155.65
[backfill]   url(raw): https://drive.google.com/file/d/104K92LnHGYxgaTEMiz2OmzmgHK8LWIJ9/view?usp=drivesdk
[backfill]   downloaded 290393 bytes
[backfill]   pdf pages: 1  extracted: 1  type(s): image
[AI Scan] 63872921-31de-411a-aa42-9cc3d489779d: Extracted 4 line items
[backfill]   PG ai_line_items rows: 4
[backfill]   Sheet AI_LINE_ITEMS "STL - MO" rows for uuid: 4
[backfill]   per-line arithmetic (|qty*unit - ext| <= 2%|ext| + 0.01):
[backfill]     L1  PASS  qty=1  unit=76.7000  ext=76.70  calc=76.70  drift=0.0000  "TRUFFLE - WHOLE"
[backfill]     L2  PASS  qty=2  unit=20.5500  ext=41.10  calc=41.10  drift=0.0000  "RICE - WILD"
[backfill]     L3  PASS  qty=1  unit=16.7000  ext=16.70  calc=16.70  drift=0.0000  "BANANAS"
[backfill]     L4  PASS  qty=1  unit=21.1500  ext=21.15  calc=21.15  drift=0.0000  "WIDE MOUTH SQUEEZE BOTTLE"
[backfill]   RECONCILIATION:
[backfill]     sum(extracted extended_price) = $155.65
[backfill]     stored total_amount           = $155.65
[backfill]     diff                          = $0.00  (MATCH within tol)

[backfill] ──── 543012fa-40c2-4ee7-8d7d-9751833c3c45  (What Chefs Want #1468228)  total=$-47.15
[backfill]   url(raw): https://drive.google.com/file/d/1OuW_nblIAx3GybszPefEMuLTgfP13EQM/view?usp=drivesdk
[backfill]   downloaded 281518 bytes
[backfill]   pdf pages: 1  extracted: 1  type(s): image
[AI Scan] 543012fa-40c2-4ee7-8d7d-9751833c3c45: Extracted 1 line items
[backfill]   PG ai_line_items rows: 1
[backfill]   Sheet AI_LINE_ITEMS "STL - MO" rows for uuid: 1
[backfill]   per-line arithmetic (|qty*unit - ext| <= 2%|ext| + 0.01):
[backfill]     L1  HOLD  qty=1  unit=47.1500  ext=-47.15  calc=47.15  drift=94.3000  "BROCCOLINI - BABY BROCCOLI"
[backfill]   RECONCILIATION:
[backfill]     sum(extracted extended_price) = $-47.15
[backfill]     stored total_amount           = $-47.15
[backfill]     diff                          = $0.00  (MATCH within tol)

[backfill] ──── 4edc0467-03d8-46c2-9b14-34697d94dbd1  (What Chefs Want #12573052)  total=$240.25
[backfill]   url(raw): https://drive.google.com/file/d/1ahu19VLXWpHr6aMRF3ewfDPhzGRl6V46/view?usp=drivesdk
[backfill]   downloaded 288236 bytes
[backfill]   pdf pages: 1  extracted: 1  type(s): image
[AI Scan] 4edc0467-03d8-46c2-9b14-34697d94dbd1: Extracted 3 line items
[backfill]   PG ai_line_items rows: 3
[backfill]   Sheet AI_LINE_ITEMS "STL - MO" rows for uuid: 3
[backfill]   per-line arithmetic (|qty*unit - ext| <= 2%|ext| + 0.01):
[backfill]     L1  PASS  qty=1  unit=47.1500  ext=47.15  calc=47.15  drift=0.0000  "BROCCOLINI - BABY BROCCOLI"
[backfill]     L2  PASS  qty=1  unit=126.9500  ext=126.95  calc=126.95  drift=0.0000  "MAYONNAISE - DUKE'S"
[backfill]     L3  PASS  qty=1  unit=66.1500  ext=66.15  calc=66.15  drift=0.0000  "TOMATO - CRUSHED RUSTIC DINAPO"
[backfill]   RECONCILIATION:
[backfill]     sum(extracted extended_price) = $240.25
[backfill]     stored total_amount           = $240.25
[backfill]     diff                          = $0.00  (MATCH within tol)

[backfill] ──── 650701dc-934d-44d5-953c-4d07c38b531c  (What Chefs Want #1468043)  total=$-193.10
[backfill]   url(raw): https://drive.google.com/file/d/120_GNvjojtO44jRcHE0b8KYCYlo7pv3B/view?usp=drivesdk
[backfill]   downloaded 290503 bytes
[backfill]   pdf pages: 1  extracted: 1  type(s): image
[AI Scan] 650701dc-934d-44d5-953c-4d07c38b531c: Extracted 2 line items
[backfill]   PG ai_line_items rows: 2
[backfill]   Sheet AI_LINE_ITEMS "STL - MO" rows for uuid: 2
[backfill]   per-line arithmetic (|qty*unit - ext| <= 2%|ext| + 0.01):
[backfill]     L1  PASS  qty=1  unit=126.9500  ext=126.95  calc=126.95  drift=0.0000  "MAYONNAISE - DUKES"
[backfill]     L2  PASS  qty=1  unit=66.1500  ext=66.15  calc=66.15  drift=0.0000  "TOMATO - CRUSHED RUSTIC DINAPO"
[backfill]   RECONCILIATION:
[backfill]     sum(extracted extended_price) = $193.10
[backfill]     stored total_amount           = $-193.10
[backfill]     diff                          = $386.20  (MISMATCH)

[backfill] ──── 1059f469-0bec-4588-8246-6286a0cda3e6  (Fortune Fish & Gourmet #358095-26-06)  total=$67.99
[backfill]   url(raw): https://drive.google.com/file/d/1yH_qiGzN80E2871K8el1PrANmscmiuUH/view?usp=drivesdk
[backfill]   downloaded 262131 bytes
[backfill]   pdf pages: 1  extracted: 1  type(s): image
[AI Scan] 1059f469-0bec-4588-8246-6286a0cda3e6: Extracted 2 line items
[backfill]   PG ai_line_items rows: 2
[backfill]   Sheet AI_LINE_ITEMS "STL - MO" rows for uuid: 2
[backfill]   per-line arithmetic (|qty*unit - ext| <= 2%|ext| + 0.01):
[backfill]     L1  PASS  qty=1  unit=62.9900  ext=62.99  calc=62.99  drift=0.0000  "PASTA RUS PENNE 12-1.1 LB"
[backfill]     L2  PASS  qty=1  unit=5.0000  ext=5.00  calc=5.00  drift=0.0000  "Global Fuel Surcharge"
[backfill]   RECONCILIATION:
[backfill]     sum(extracted extended_price) = $67.99
[backfill]     stored total_amount           = $67.99
[backfill]     diff                          = $0.00  (MATCH within tol)

[backfill] ──── f1d06382-1e60-469e-b7b4-503cb1c9c059  (Fortune Fish & Gourmet #358096-20-06)  total=$594.44
[backfill]   url(raw): https://drive.google.com/file/d/1Mry00k_WNWAqWNAh6Hrm1by5P6B2N-AZ/view?usp=drivesdk
[backfill]   downloaded 280128 bytes
[backfill]   pdf pages: 1  extracted: 1  type(s): image
[AI Scan] f1d06382-1e60-469e-b7b4-503cb1c9c059: Extracted 4 line items
[backfill]   PG ai_line_items rows: 4
[backfill]   Sheet AI_LINE_ITEMS "STL - MO" rows for uuid: 4
[backfill]   per-line arithmetic (|qty*unit - ext| <= 2%|ext| + 0.01):
[backfill]     L1  PASS  qty=2  unit=25.9900  ext=51.98  calc=51.98  drift=0.0000  "Sfoglini Semolina Zucca 16oz **6/16oz cs DRY PASTA"
[backfill]     L2  PASS  qty=40  unit=10.8900  ext=435.60  calc=435.60  drift=0.0000  "NUESKE Sliced Bacon 12-14 10# **Applewood Smoked 2"
[backfill]     L3  PASS  qty=5.13  unit=10.8900  ext=55.87  calc=55.87  drift=0.0043  "CHS MC Prairie Breeze Cheddar **Milton Creamery 1x"
[backfill]     L4  PASS  qty=1  unit=50.9900  ext=50.99  calc=50.99  drift=0.0000  "Hamburger Bun 90/3oz Cs **Item#1909 3D Baking"
[backfill]   RECONCILIATION:
[backfill]     sum(extracted extended_price) = $594.44
[backfill]     stored total_amount           = $594.44
[backfill]     diff                          = $0.00  (MATCH within tol)

[backfill] ──── 7683aaf8-e28e-4272-8992-80d4db9bb5a3  (Fortune Fish & Gourmet #358109-26-06)  total=$181.37
[backfill]   url(raw): https://drive.google.com/file/d/1CcBLAnE5g8fZe6MsrYmf-OfciZgihezd/view?usp=drivesdk
[backfill]   downloaded 296497 bytes
[backfill]   pdf pages: 1  extracted: 1  type(s): image
[AI Scan] 7683aaf8-e28e-4272-8992-80d4db9bb5a3: Extracted 3 line items
[backfill]   PG ai_line_items rows: 3
[backfill]   Sheet AI_LINE_ITEMS "STL - MO" rows for uuid: 3
[backfill]   per-line arithmetic (|qty*unit - ext| <= 2%|ext| + 0.01):
[backfill]     L1  PASS  qty=1  unit=45.9900  ext=45.99  calc=45.99  drift=0.0000  "ER Salted Tortilla Chip 14oz **El Ranchero 12/14oz"
[backfill]     L2  PASS  qty=10  unit=7.1900  ext=71.90  calc=71.90  drift=0.0000  "Hook's 1 Year Cheddar, Yellow **Hook's Cheese Co 1"
[backfill]     L3  PASS  qty=12  unit=5.2900  ext=63.48  calc=63.48  drift=0.0000  "Sweet Chili Sauce 32oz **12/cs Mae Ploy Brand"
[backfill]   RECONCILIATION:
[backfill]     sum(extracted extended_price) = $181.37
[backfill]     stored total_amount           = $181.37
[backfill]     diff                          = $0.00  (MATCH within tol)

[backfill] ──── 357858a5-2c85-4339-ba19-3d68d43740c2  (Kuna Foodservice #218721-00)  total=$85.01
[backfill]   url(raw): https://drive.google.com/file/d/19FMFIoJRMlyaDvTEKKUsrMY0TKSkYLaK/view?usp=drivesdk
[backfill]   downloaded 292045 bytes
[backfill]   pdf pages: 1  extracted: 1  type(s): image
[AI Scan] 357858a5-2c85-4339-ba19-3d68d43740c2: Extracted 4 line items
[backfill]   PG ai_line_items rows: 4
[backfill]   Sheet AI_LINE_ITEMS "STL - MO" rows for uuid: 4
[backfill]   per-line arithmetic (|qty*unit - ext| <= 2%|ext| + 0.01):
[backfill]     L1  PASS  qty=1  unit=37.2300  ext=37.23  calc=37.23  drift=0.0000  "SPIFFLOT GREEK & GREEK DOCK STYLE LOG WIT PASTUOUS"
[backfill]     L2  PASS  qty=1  unit=28.0700  ext=28.07  calc=28.07  drift=0.0000  "SPEC HARVEST *** ALBACORE BBQ HIKIN SQR LO CR GP"
[backfill]     L3  HOLD  qty=5.35  unit=80.4000  ext=0.00  calc=430.14  drift=430.1400  "WOOD"
[backfill]     L4  PASS  qty=0  unit=0.0000  ext=0.00  calc=0.00  drift=0.0000  "Y"
[backfill]   RECONCILIATION:
[backfill]     sum(extracted extended_price) = $65.30
[backfill]     stored total_amount           = $85.01
[backfill]     diff                          = $-19.71  (MISMATCH)

[backfill] ──── cbae1142-2219-406b-80fb-5566469db965  (Kuna Foodservice #217995-00)  total=$1053.85
[backfill]   url(raw): https://drive.google.com/file/d/1vcSe2RfMf9ycvvBobn653aYYJDLfUKOO/view?usp=drivesdk
[backfill]   downloaded 274882 bytes
[backfill]   pdf pages: 1  extracted: 1  type(s): image
[AI Scan] cbae1142-2219-406b-80fb-5566469db965: Extracted 3 line items
[backfill]   PG ai_line_items rows: 3
[backfill]   Sheet AI_LINE_ITEMS "STL - MO" rows for uuid: 3
[backfill]   per-line arithmetic (|qty*unit - ext| <= 2%|ext| + 0.01):
[backfill]     L1  PASS  qty=32.3  unit=11.0200  ext=355.95  calc=355.95  drift=0.0040  "BEEF BRISKET/NO PORK 185 **** MISCELLANEOUS CUT FI"
[backfill]     L2  HOLD  qty=0  unit=2.6250  ext=339.74  calc=0.00  drift=339.7400  "PORK SHOULDER TOTAL"
[backfill]     L3  HOLD  qty=0  unit=0.0000  ext=57.11  calc=0.00  drift=57.1100  "SPLIT"
[backfill]   RECONCILIATION:
[backfill]     sum(extracted extended_price) = $752.80
[backfill]     stored total_amount           = $1053.85
[backfill]     diff                          = $-301.05  (MISMATCH)

[backfill] ──── af437c06-348c-42fb-bac4-0d290d879808  (Grey Eagle #615113)  total=$300.30
[backfill]   url(raw): https://drive.google.com/file/d/1AUwX3W67nx8gjie90mop05qk-HEsRW9X/view?usp=drivesdk
[backfill]   downloaded 432670 bytes
[backfill]   pdf pages: 1  extracted: 1  type(s): image
[AI Scan] af437c06-348c-42fb-bac4-0d290d879808: Extracted 3 line items
[backfill]   PG ai_line_items rows: 3
[backfill]   Sheet AI_LINE_ITEMS "STL - MO" rows for uuid: 3
[backfill]   per-line arithmetic (|qty*unit - ext| <= 2%|ext| + 0.01):
[backfill]     L1  PASS  qty=6  unit=21.4500  ext=128.70  calc=128.70  drift=0.0000  "6 QUAC COCO 12P CN"
[backfill]     L2  PASS  qty=5  unit=21.4500  ext=107.25  calc=107.25  drift=0.0000  "5 QUAC PINEAPPLE 12P"
[backfill]     L3  PASS  qty=3  unit=21.4500  ext=64.35  calc=64.35  drift=0.0000  "3 QUAC CHOCOLATE 12P"
[backfill]   RECONCILIATION:
[backfill]     sum(extracted extended_price) = $300.30
[backfill]     stored total_amount           = $300.30
[backfill]     diff                          = $-0.00  (MATCH within tol)

[backfill] ──── d0fe2a00-11eb-4008-b77c-2fc6efd71ef2  (What Chefs Want #12455383)  total=$6861.38
[backfill]   url(raw): https://drive.google.com/file/d/1A29FJJCJKUPeAxy7O207Bc0QBqSJKgM0/view?usp=drivesdk
[backfill]   downloaded 2281039 bytes
[backfill]   pdf pages: 5  extracted: 5  type(s): image
[AI Scan] JSON parse failed: Unterminated string in JSON at position 20918 (line 897 column 8)
[backfill]   PG ai_line_items rows: 0
[backfill]   Sheet AI_LINE_ITEMS "STL - MO" rows for uuid: 0
[backfill]   RECONCILIATION:
[backfill]     sum(extracted extended_price) = $0.00
[backfill]     stored total_amount           = $6861.38
[backfill]     diff                          = $-6861.38  (MISMATCH)

[backfill] ──── 5b31bcf6-8c25-4bea-ab31-9cbec8526501  (What Chefs Want #12455384)  total=$308.90
[backfill]   url(raw): https://drive.google.com/file/d/1Wdf0RIL52EbIjWIulamvE9eMI_LH8UWC/view?usp=drivesdk
[backfill]   downloaded 302597 bytes
[backfill]   pdf pages: 1  extracted: 1  type(s): image
[AI Scan] 5b31bcf6-8c25-4bea-ab31-9cbec8526501: Extracted 2 line items
[backfill]   PG ai_line_items rows: 2
[backfill]   Sheet AI_LINE_ITEMS "STL - MO" rows for uuid: 2
[backfill]   per-line arithmetic (|qty*unit - ext| <= 2%|ext| + 0.01):
[backfill]     L1  PASS  qty=2  unit=33.5000  ext=67.00  calc=67.00  drift=0.0000  "YOGURT - VANILLA OHIO"
[backfill]     L2  PASS  qty=2  unit=120.9500  ext=241.90  calc=241.90  drift=0.0000  "DEMI GLACE - DE POULET CHICKEN"
[backfill]   RECONCILIATION:
[backfill]     sum(extracted extended_price) = $308.90
[backfill]     stored total_amount           = $308.90
[backfill]     diff                          = $0.00  (MATCH within tol)

[backfill] ──── e6da4a81-0523-46f2-b17e-4d03d2a2bf4c  (What Chefs Want #12455579)  total=$11.00
[backfill]   url(raw): https://drive.google.com/file/d/1Np31FhRhdWfcvIvGScLzHqgdblW4SV1i/view?usp=drivesdk
[backfill]   downloaded 308950 bytes
[backfill]   pdf pages: 1  extracted: 1  type(s): image
[AI Scan] e6da4a81-0523-46f2-b17e-4d03d2a2bf4c: Extracted 1 line items
[backfill]   PG ai_line_items rows: 1
[backfill]   Sheet AI_LINE_ITEMS "STL - MO" rows for uuid: 1
[backfill]   per-line arithmetic (|qty*unit - ext| <= 2%|ext| + 0.01):
[backfill]     L1  PASS  qty=4  unit=2.7500  ext=11.00  calc=11.00  drift=0.0000  "PEPPERS - JALAPENO"
[backfill]   RECONCILIATION:
[backfill]     sum(extracted extended_price) = $11.00
[backfill]     stored total_amount           = $11.00
[backfill]     diff                          = $0.00  (MATCH within tol)

[backfill] ──── 8cfe0009-d768-4f22-ac93-0a80d153db4f  (What Chefs Want #12458014)  total=$25.45
[backfill]   url(raw): https://drive.google.com/file/d/197GNA8mJRvGgAwgJE6nYGosHSQygZcpS/view?usp=drivesdk
[backfill]   downloaded 290325 bytes
[backfill]   pdf pages: 1  extracted: 1  type(s): image
[AI Scan] 8cfe0009-d768-4f22-ac93-0a80d153db4f: Extracted 1 line items
[backfill]   PG ai_line_items rows: 1
[backfill]   Sheet AI_LINE_ITEMS "STL - MO" rows for uuid: 1
[backfill]   per-line arithmetic (|qty*unit - ext| <= 2%|ext| + 0.01):
[backfill]     L1  PASS  qty=1  unit=25.4500  ext=25.45  calc=25.45  drift=0.0000  "SUNFLOWER KERNELS - ROAST SALT"
[backfill]   RECONCILIATION:
[backfill]     sum(extracted extended_price) = $25.45
[backfill]     stored total_amount           = $25.45
[backfill]     diff                          = $0.00  (MATCH within tol)

[backfill] ──── af90751c-1b25-46b3-abad-170150506f54  (What Chefs Want #12459246)  total=$753.43
[backfill]   url(raw): https://drive.google.com/file/d/1WNk1XnXbtrgEzuVGg6Tende9P-_sypUZ/view?usp=drivesdk
[backfill]   downloaded 387355 bytes
[backfill]   pdf pages: 1  extracted: 1  type(s): image
[AI Scan] af90751c-1b25-46b3-abad-170150506f54: Extracted 17 line items
[backfill]   PG ai_line_items rows: 17
[backfill]   Sheet AI_LINE_ITEMS "STL - MO" rows for uuid: 17
[backfill]   per-line arithmetic (|qty*unit - ext| <= 2%|ext| + 0.01):
[backfill]     L1  PASS  qty=8.3  unit=13.6000  ext=112.88  calc=112.88  drift=0.0000  "MORTADELLA - WITH PISTACHIO"
[backfill]     L2  PASS  qty=1  unit=18.3500  ext=18.35  calc=18.35  drift=0.0000  "CELERY - 6 COUNT"
[backfill]     L3  PASS  qty=4  unit=2.8000  ext=11.20  calc=11.20  drift=0.0000  "HALF & HALF"
[backfill]     L4  PASS  qty=2  unit=11.0500  ext=22.10  calc=22.10  drift=0.0000  "HORSERADISH - PREPARED"
[backfill]     L5  PASS  qty=2  unit=5.4500  ext=10.90  calc=10.90  drift=0.0000  "MILK - OAT MINOR FIGURES ORG"
[backfill]     L6  PASS  qty=12  unit=4.8500  ext=58.20  calc=58.20  drift=0.0000  "JAM - STRAWBERRY PRESERVE - KY"
[backfill]     L7  PASS  qty=1  unit=62.8500  ext=62.85  calc=62.85  drift=0.0000  "TRUFFLE - WHOLE"
[backfill]     L8  PASS  qty=1  unit=32.2000  ext=32.20  calc=32.20  drift=0.0000  "KIWI FRUIT - NUMBER 1"
[backfill]     L9  PASS  qty=1  unit=59.7000  ext=59.70  calc=59.70  drift=0.0000  "APPLE - HONEYCRISP"
[backfill]     L10  PASS  qty=1  unit=54.0000  ext=54.00  calc=54.00  drift=0.0000  "TOMATO - 5X5 VINE RIPE"
[backfill]     L11  PASS  qty=4  unit=12.7000  ext=50.80  calc=50.80  drift=0.0000  "JUICE - STRAW/LEMONAD NATALIE"
[backfill]     L12  PASS  qty=4  unit=11.9500  ext=47.80  calc=47.80  drift=0.0000  "JUICE - LEMONADE NATALIE'S"
[backfill]     L13  PASS  qty=1  unit=32.7000  ext=32.70  calc=32.70  drift=0.0000  "TORTILLA - FLOUR MILA 12""
[backfill]     L14  PASS  qty=1  unit=40.9500  ext=40.95  calc=40.95  drift=0.0000  "CRACKER - SALTINE ZESTA P/C"
[backfill]     L15  PASS  qty=1  unit=49.9500  ext=49.95  calc=49.95  drift=0.0000  "JAM - GRAPE-KY"
[backfill]     L16  PASS  qty=1  unit=33.1500  ext=33.15  calc=33.15  drift=0.0000  "DRIED CHILE GUAJILLO"
[backfill]     L17  PASS  qty=1  unit=55.7000  ext=55.70  calc=55.70  drift=0.0000  "PEPPERS - CHIPOTLE IN ADOBO"
[backfill]   RECONCILIATION:
[backfill]     sum(extracted extended_price) = $753.43
[backfill]     stored total_amount           = $753.43
[backfill]     diff                          = $0.00  (MATCH within tol)

[backfill] ──── 31385de0-ac86-465e-b302-46944172dc2b  (What Chefs Want #1246136)  total=$1025.58
[backfill]   url(raw): https://drive.google.com/file/d/1_CLe8Oa_cR4HvjkOnSK1Z6h7swp7dMLf/view?usp=drivesdk
[backfill]   downloaded 421956 bytes
[backfill]   pdf pages: 1  extracted: 1  type(s): image
[AI Scan] 31385de0-ac86-465e-b302-46944172dc2b: Extracted 23 line items
[backfill]   PG ai_line_items rows: 23
[backfill]   Sheet AI_LINE_ITEMS "STL - MO" rows for uuid: 23
[backfill]   per-line arithmetic (|qty*unit - ext| <= 2%|ext| + 0.01):
[backfill]     L1  PASS  qty=1  unit=8.7000  ext=8.70  calc=8.70  drift=0.0000  "ORANGES"
[backfill]     L2  PASS  qty=1  unit=12.1500  ext=12.15  calc=12.15  drift=0.0000  "COTTAGE CHEESE"
[backfill]     L3  HOLD  qty=1  unit=13.8500  ext=27.70  calc=13.85  drift=13.8500  "PEACHES - DICED XLS CANNED"
[backfill]     L4  PASS  qty=1  unit=10.0500  ext=10.05  calc=10.05  drift=0.0000  "SPICE - LEMON PEPPER BLEND"
[backfill]     L5  PASS  qty=1  unit=19.8500  ext=19.85  calc=19.85  drift=0.0000  "VINEGAR - CIDER HEINZ"
[backfill]     L6  PASS  qty=1  unit=7.3500  ext=7.35  calc=7.35  drift=0.0000  "VINEGAR - WHITE DISTILLED 4%"
[backfill]     L7  HOLD  qty=1  unit=9.0500  ext=18.10  calc=9.05  drift=9.0500  "SPICE - FURIKAKE NORI FUMI"
[backfill]     L8  PASS  qty=3  unit=8.8500  ext=26.55  calc=26.55  drift=0.0000  "SEEDS - FLAX BROWN WHOLE"
[backfill]     L9  PASS  qty=1  unit=98.3500  ext=98.35  calc=98.35  drift=0.0000  "VANILLA - PASTE"
[backfill]     L10  PASS  qty=1  unit=62.8500  ext=62.85  calc=62.85  drift=0.0000  "TRUFFLE - WHOLE"
[backfill]     L11  PASS  qty=2  unit=11.3500  ext=22.70  calc=22.70  drift=0.0000  "CLEANER - CAFIZA ESPRESSO RED"
[backfill]     L12  PASS  qty=11.8  unit=9.5500  ext=112.69  calc=112.69  drift=0.0000  "ROAST BEEF - TOP ROUND MED"
[backfill]     L13  PASS  qty=1  unit=38.7000  ext=38.70  calc=38.70  drift=0.0000  "GRAPES - RED SEEDLESS"
[backfill]     L14  PASS  qty=1  unit=50.7000  ext=50.70  calc=50.70  drift=0.0000  "GRAPES - GREEN SEEDLESS"
[backfill]     L15  PASS  qty=1  unit=47.5000  ext=47.50  calc=47.50  drift=0.0000  "BLUEBERRIES - MARKET CLAM"
[backfill]     L16  PASS  qty=1  unit=62.8000  ext=62.80  calc=62.80  drift=0.0000  "RASPBERRIES - SELECT CLAM"
[backfill]     L17  PASS  qty=1  unit=151.7000  ext=151.70  calc=151.70  drift=0.0000  "TUNA - SOLID WHITE ALBACORE"
[backfill]     L18  PASS  qty=1  unit=45.1500  ext=45.15  calc=45.15  drift=0.0000  "HUMMUS - GARLIC BROS CASE"
[backfill]     L19  PASS  qty=1  unit=80.9500  ext=80.95  calc=80.95  drift=0.0000  "BLUEBERRIES - IQF"
[backfill]     L20  PASS  qty=1  unit=50.1500  ext=50.15  calc=50.15  drift=0.0000  "JAM - APRICOT KY"
[backfill]     L21  PASS  qty=1  unit=20.9500  ext=20.95  calc=20.95  drift=0.0000  "WONTON CHIPS"
[backfill]     L22  PASS  qty=2  unit=23.9500  ext=47.90  calc=47.90  drift=0.0000  "MILK - OAT MINOR FIGURES ORG"
[backfill]     L23  HOLD  qty=2  unit=9.6500  ext=0.00  calc=19.30  drift=19.3000  "CHIA SEEDS BLACK ORGANIC"
[backfill]   RECONCILIATION:
[backfill]     sum(extracted extended_price) = $1023.54
[backfill]     stored total_amount           = $1025.58
[backfill]     diff                          = $-2.04  (MATCH within tol)

[backfill] ──── 0bc8dedd-ea31-4d12-ac81-51970a6deffa  (What Chefs Want #12463151)  total=$24.40
[backfill]   url(raw): https://drive.google.com/file/d/1J46zyN0nBApt75Trispu_oLGclT--yyJ/view?usp=drivesdk
[backfill]   downloaded 319211 bytes
[backfill]   pdf pages: 1  extracted: 1  type(s): image
[AI Scan] 0bc8dedd-ea31-4d12-ac81-51970a6deffa: Extracted 1 line items
[backfill]   PG ai_line_items rows: 1
[backfill]   Sheet AI_LINE_ITEMS "STL - MO" rows for uuid: 1
[backfill]   per-line arithmetic (|qty*unit - ext| <= 2%|ext| + 0.01):
[backfill]     L1  PASS  qty=1  unit=24.4000  ext=24.40  calc=24.40  drift=0.0000  "PINEAPPLE - GOLDEN RIPE"
[backfill]   RECONCILIATION:
[backfill]     sum(extracted extended_price) = $24.40
[backfill]     stored total_amount           = $24.40
[backfill]     diff                          = $0.00  (MATCH within tol)

[backfill] ──── 01314bc2-7fda-4a5d-9ce1-d5c7e6ca3ebe  (What Chefs Want #12466965)  total=$225.00
[backfill]   url(raw): https://drive.google.com/file/d/1c98Bgr0k3yDHbPRF3VnCwKwDGcuRcm6D/view?usp=drivesdk
[backfill]   downloaded 347538 bytes
[backfill]   pdf pages: 1  extracted: 1  type(s): image
[AI Scan] 01314bc2-7fda-4a5d-9ce1-d5c7e6ca3ebe: Extracted 2 line items
[backfill]   PG ai_line_items rows: 2
[backfill]   Sheet AI_LINE_ITEMS "STL - MO" rows for uuid: 2
[backfill]   per-line arithmetic (|qty*unit - ext| <= 2%|ext| + 0.01):
[backfill]     L1  PASS  qty=12  unit=7.8500  ext=94.20  calc=94.20  drift=0.0000  "SAUSAGE - SUMMER SOFT"
[backfill]     L2  PASS  qty=4  unit=32.7000  ext=130.80  calc=130.80  drift=0.0000  "JUICE - ORANGE FLORIDA"
[backfill]   RECONCILIATION:
[backfill]     sum(extracted extended_price) = $225.00
[backfill]     stored total_amount           = $225.00
[backfill]     diff                          = $0.00  (MATCH within tol)

[backfill] ──── fae28480-ccfc-4b77-a914-fd8415be3af2  (What Chefs Want #12467188)  total=$42.65
[backfill]   url(raw): https://drive.google.com/file/d/1rYnoLubdMuUoz_lJEiVx4NH6qf3-A8rn/view?usp=drivesdk
[backfill]   downloaded 339152 bytes
[backfill]   pdf pages: 1  extracted: 1  type(s): image
[AI Scan] fae28480-ccfc-4b77-a914-fd8415be3af2: Extracted 2 line items
[backfill]   PG ai_line_items rows: 2
[backfill]   Sheet AI_LINE_ITEMS "STL - MO" rows for uuid: 2
[backfill]   per-line arithmetic (|qty*unit - ext| <= 2%|ext| + 0.01):
[backfill]     L1  PASS  qty=1  unit=23.3500  ext=23.35  calc=23.35  drift=0.0000  "CHEESE - BRIE WHEEL"
[backfill]     L2  PASS  qty=3  unit=6.4500  ext=19.30  calc=19.35  drift=0.0500  "CHIA SEEDS BLACK ORGANIC"
[backfill]   RECONCILIATION:
[backfill]     sum(extracted extended_price) = $42.65
[backfill]     stored total_amount           = $42.65
[backfill]     diff                          = $0.00  (MATCH within tol)

[backfill] ──── 939cdd3a-9ec0-442e-a742-06b8c0cb1df1  (What Chefs Want #12471754)  total=$1338.45
[backfill]   url(raw): https://drive.google.com/file/d/1d3lXRYj_tcgl0Ex93WZ6s90pysWT6Ig4/view?usp=drivesdk
[backfill]   downloaded 822479 bytes
[backfill]   pdf pages: 2  extracted: 2  type(s): image
[AI Scan] 939cdd3a-9ec0-442e-a742-06b8c0cb1df1: Extracted 32 line items
[backfill]   PG ai_line_items rows: 32
[backfill]   Sheet AI_LINE_ITEMS "STL - MO" rows for uuid: 32
[backfill]   per-line arithmetic (|qty*unit - ext| <= 2%|ext| + 0.01):
[backfill]     L1  PASS  qty=2  unit=5.3000  ext=10.60  calc=10.60  drift=0.0000  "CAULIFLOWER - LARGE"
[backfill]     L2  PASS  qty=4  unit=5.6000  ext=22.40  calc=22.40  drift=0.0000  "POTATO - RED 5 LB"
[backfill]     L3  PASS  qty=2  unit=9.2000  ext=18.40  calc=18.40  drift=0.0000  "HERB - CHIVES FRESH"
[backfill]     L4  PASS  qty=1  unit=14.9500  ext=14.95  calc=14.95  drift=0.0000  "SOUR CREAM"
[backfill]     L5  PASS  qty=1  unit=42.3500  ext=42.35  calc=42.35  drift=0.0000  "BUTTER - CLARIFIED TUB"
[backfill]     L6  PASS  qty=1  unit=7.3500  ext=7.35  calc=7.35  drift=0.0000  "VINEGAR - WHITE DISTILLED 4%"
[backfill]     L7  PASS  qty=2  unit=20.3500  ext=40.70  calc=40.70  drift=0.0000  "KETCHUP - HEINZ 42 OZ"
[backfill]     L8  PASS  qty=1  unit=29.6000  ext=29.60  calc=29.60  drift=0.0000  "HONEY - AMBER BULK"
[backfill]     L9  PASS  qty=1  unit=6.3500  ext=6.35  calc=6.35  drift=0.0000  "MSG MONOSODIUM GLUTAMATE UMAMI"
[backfill]     L10  PASS  qty=1  unit=35.3500  ext=35.35  calc=35.35  drift=0.0000  "CITRIC ACID"
[backfill]     L11  PASS  qty=2  unit=23.8500  ext=47.70  calc=47.70  drift=0.0000  "SAUCE - TAMARI GLUTEN-FREE"
[backfill]     L12  PASS  qty=1  unit=22.8500  ext=22.85  calc=22.85  drift=0.0000  "ARTICHOKE - HEARTS MARINATED"
[backfill]     L13  PASS  qty=2  unit=19.6000  ext=39.20  calc=39.20  drift=0.0000  "OLIVES - CASTELVETRANO PITTED"
[backfill]     L14  PASS  qty=4  unit=6.6000  ext=26.40  calc=26.40  drift=0.0000  "BEANS - FRENCH NAVY DRIED"
[backfill]     L15  PASS  qty=1  unit=41.2000  ext=41.20  calc=41.20  drift=0.0000  "SQUASH - YELLOW FANCY"
[backfill]     L16  PASS  qty=1  unit=55.4000  ext=55.40  calc=55.40  drift=0.0000  "ASPARAGUS - JUMBO"
[backfill]     L17  PASS  qty=1  unit=30.7000  ext=30.70  calc=30.70  drift=0.0000  "MUSHROOMS - CRIMINI WHOLE"
[backfill]     L18  PASS  qty=1  unit=31.7000  ext=31.70  calc=31.70  drift=0.0000  "MUSHROOMS - SHIITAKE CAPS"
[backfill]     L19  PASS  qty=1  unit=22.9500  ext=22.95  calc=22.95  drift=0.0000  "KALE - CHOPPED"
[backfill]     L20  PASS  qty=1  unit=31.7000  ext=31.70  calc=31.70  drift=0.0000  "PEPPERS - RED BELL"
[backfill]     L21  PASS  qty=2  unit=19.1000  ext=38.20  calc=38.20  drift=0.0000  "PEPPERS - GREEN BELL"
[backfill]     L22  PASS  qty=1  unit=32.5000  ext=32.50  calc=32.50  drift=0.0000  "CARROT - TRI-COLOR HAND CARVED"
[backfill]     L23  PASS  qty=1  unit=65.7000  ext=65.70  calc=65.70  drift=0.0000  "WATERMELON - RED SEEDLESS"
[backfill]     L24  PASS  qty=1  unit=47.7000  ext=47.70  calc=47.70  drift=0.0000  "AVOCADO - #1 BREAKING"
[backfill]     L25  PASS  qty=1  unit=104.7500  ext=104.75  calc=104.75  drift=0.0000  "LIQUID EGG WHITES REFRIGERATED"
[backfill]     L26  PASS  qty=1  unit=60.1500  ext=60.15  calc=60.15  drift=0.0000  "PLANTAIN - SLICES"
[backfill]     L27  PASS  qty=1  unit=125.9500  ext=125.95  calc=125.95  drift=0.0000  "MAYONNAISE - DUKE'S"
[backfill]     L28  PASS  qty=1  unit=45.4500  ext=45.45  calc=45.45  drift=0.0000  "PASTA - EGG NOODLES WIDE"
[backfill]     L29  PASS  qty=1  unit=49.9500  ext=49.95  calc=49.95  drift=0.0000  "MILK - ALMOND CALIFIA BARISTA"
[backfill]     L30  PASS  qty=1  unit=23.9500  ext=23.95  calc=23.95  drift=0.0000  "MILK - OAT MINOR FIGURES ORG"
[backfill]     L31  PASS  qty=1  unit=65.1500  ext=65.15  calc=65.15  drift=0.0000  "TOMATO - CRUSHED RUSTIC DINAPD"
[backfill]     L32  PASS  qty=1  unit=101.1500  ext=101.15  calc=101.15  drift=0.0000  "MILK - COCONUT"
[backfill]   RECONCILIATION:
[backfill]     sum(extracted extended_price) = $1338.45
[backfill]     stored total_amount           = $1338.45
[backfill]     diff                          = $0.00  (MATCH within tol)

[backfill] ──── 2c5fb8af-23c1-438e-b81e-2ce1fc6b1ee1  (City Seafood #INV24125)  total=$192.33
[backfill]   url(raw): https://drive.google.com/file/d/1PyxmIoJz1c_wfzORCcnLA6HHvuIHKToC/view?usp=drivesdk
[backfill]   downloaded 226704 bytes
[backfill]   pdf pages: 1  extracted: 1  type(s): image
[AI Scan] 2c5fb8af-23c1-438e-b81e-2ce1fc6b1ee1: Extracted 1 line items
[backfill]   PG ai_line_items rows: 1
[backfill]   Sheet AI_LINE_ITEMS "STL - MO" rows for uuid: 1
[backfill]   per-line arithmetic (|qty*unit - ext| <= 2%|ext| + 0.01):
[backfill]     L1  PASS  qty=7.4  unit=25.9900  ext=192.33  calc=192.33  drift=0.0040  "TUNA Y-FIN 60+ #1 100%"
[backfill]   RECONCILIATION:
[backfill]     sum(extracted extended_price) = $192.33
[backfill]     stored total_amount           = $192.33
[backfill]     diff                          = $0.00  (MATCH within tol)

[backfill] ──── 92ccc612-863b-4a1e-a181-cba1f6c1a688  (City Seafood #INV24097)  total=$2075.89
[backfill]   url(raw): https://drive.google.com/file/d/1PJa7UcYZdrXIMi2DSFLRon1sKCZzx4dR/view?usp=drivesdk
[backfill]   downloaded 264929 bytes
[backfill]   pdf pages: 1  extracted: 1  type(s): image
[AI Scan] 92ccc612-863b-4a1e-a181-cba1f6c1a688: Extracted 8 line items
[backfill]   PG ai_line_items rows: 8
[backfill]   Sheet AI_LINE_ITEMS "STL - MO" rows for uuid: 8
[backfill]   per-line arithmetic (|qty*unit - ext| <= 2%|ext| + 0.01):
[backfill]     L1  PASS  qty=8.95  unit=24.9900  ext=223.66  calc=223.66  drift=0.0005  "HALIBUT FLT 100%"
[backfill]     L2  PASS  qty=100  unit=1.1500  ext=115.00  calc=115.00  drift=0.0000  "OYSTERS SPRING FLING"
[backfill]     L3  PASS  qty=8.9  unit=25.9900  ext=231.31  calc=231.31  drift=0.0010  "TUNA Y-FIN 60+ #1 100%"
[backfill]     L4  PASS  qty=10  unit=7.9300  ext=79.30  calc=79.30  drift=0.0000  "SHP 16-20 RPTD PKR AS WH"
[backfill]     L5  PASS  qty=7.7  unit=35.9900  ext=277.12  calc=277.12  drift=0.0030  "SEABASS FILET SKLS/BNLS"
[backfill]     L6  PASS  qty=5.75  unit=15.9900  ext=91.94  calc=91.94  drift=0.0025  "SALMON FAROE ISL FLT SKL"
[backfill]     L7  PASS  qty=16  unit=40.3000  ext=644.80  calc=644.80  drift=0.0000  "SCALLOP SEA U-10 DRY EL"
[backfill]     L8  PASS  qty=10  unit=41.2800  ext=412.75  calc=412.80  drift=0.0500  "CRABMEAT COL J LUMP P HAIKU"
[backfill]   RECONCILIATION:
[backfill]     sum(extracted extended_price) = $2075.88
[backfill]     stored total_amount           = $2075.89
[backfill]     diff                          = $-0.01  (MATCH within tol)

[backfill] ──── ab3880b5-a2d8-4dc0-83ec-aae0d2277fe8  (What Chefs Want #12602663)  total=$1377.64
[backfill]   url(raw): https://drive.google.com/file/d/12hQHapM45OyPBfLE6auGFDIDg-duhVy7/view?usp=drivesdk
[backfill]   downloaded 825285 bytes
[backfill]   pdf pages: 2  extracted: 2  type(s): image
[AI Scan] ab3880b5-a2d8-4dc0-83ec-aae0d2277fe8: Extracted 37 line items
[backfill]   PG ai_line_items rows: 37
[backfill]   Sheet AI_LINE_ITEMS "STL - MO" rows for uuid: 37
[backfill]   per-line arithmetic (|qty*unit - ext| <= 2%|ext| + 0.01):
[backfill]     L1  HOLD  qty=3  unit=1.3500  ext=4.19  calc=4.05  drift=0.1400  "CABBAGE - RED"
[backfill]     L2  PASS  qty=8.21  unit=13.5000  ext=110.84  calc=110.84  drift=0.0050  "MORTADELLA - WITH PISTACHIO"
[backfill]     L3  PASS  qty=1.57  unit=18.0000  ext=28.26  calc=28.26  drift=0.0000  "MEAT - GUANCIALE"
[backfill]     L4  PASS  qty=4  unit=4.4000  ext=17.60  calc=17.60  drift=0.0000  "LETTUCE - ICEBERG"
[backfill]     L5  PASS  qty=1  unit=19.0000  ext=19.00  calc=19.00  drift=0.0000  "CELERY - 6 COUNT"
[backfill]     L6  PASS  qty=1  unit=15.9000  ext=15.90  calc=15.90  drift=0.0000  "ONIONS - GREEN ICELESS"
[backfill]     L7  PASS  qty=1  unit=24.2000  ext=24.20  calc=24.20  drift=0.0000  "SHALLOTS - PEELED"
[backfill]     L8  PASS  qty=1  unit=4.2000  ext=4.20  calc=4.20  drift=0.0000  "PEPPERS - JALAPENO"
[backfill]     L9  PASS  qty=2  unit=13.3000  ext=26.60  calc=26.60  drift=0.0000  "POTATO - FINGERLING TRICOLOR"
[backfill]     L10  PASS  qty=2  unit=19.5500  ext=39.10  calc=39.10  drift=0.0000  "CAULIFLOWER - FLORETS"
[backfill]     L11  PASS  qty=1  unit=19.0000  ext=19.00  calc=19.00  drift=0.0000  "BROCCOLI - FLORETS"
[backfill]     L12  PASS  qty=2  unit=5.7500  ext=11.50  calc=11.50  drift=0.0000  "POTATO - RED B SIZE"
[backfill]     L13  PASS  qty=1  unit=9.1000  ext=9.10  calc=9.10  drift=0.0000  "COLESLAW - SHREDDED"
[backfill]     L14  PASS  qty=4  unit=3.9000  ext=15.60  calc=15.60  drift=0.0000  "LETTUCE - HYDRO BUTTER BOSTON"
[backfill]     L15  PASS  qty=2  unit=12.5000  ext=25.00  calc=25.00  drift=0.0000  "CREAM CHEESE"
[backfill]     L16  PASS  qty=4  unit=14.3500  ext=57.40  calc=57.40  drift=0.0000  "POTATO STARCH"
[backfill]     L17  PASS  qty=1  unit=23.8500  ext=23.85  calc=23.85  drift=0.0000  "RICE - BASMATI"
[backfill]     L18  PASS  qty=1  unit=60.1500  ext=60.15  calc=60.15  drift=0.0000  "LETTUCE - ROMAINE HEARTS"
[backfill]     L19  PASS  qty=1  unit=32.1500  ext=32.15  calc=32.15  drift=0.0000  "PEPPERS - POBLANO"
[backfill]     L20  PASS  qty=1  unit=31.1500  ext=31.15  calc=31.15  drift=0.0000  "PEPPERS - JALAPENO"
[backfill]     L21  PASS  qty=1  unit=21.7000  ext=21.70  calc=21.70  drift=0.0000  "SQUASH - ZUCCHINI MEDIUM"
[backfill]     L22  PASS  qty=1  unit=22.7000  ext=22.70  calc=22.70  drift=0.0000  "SQUASH - YELLOW MEDIUM"
[backfill]     L23  PASS  qty=1  unit=29.1500  ext=29.15  calc=29.15  drift=0.0000  "ONIONS - YELLOW JUMBO PREMIUM"
[backfill]     L24  PASS  qty=1  unit=36.4500  ext=36.45  calc=36.45  drift=0.0000  "POTATO - SWEET YAM 40-55 CT"
[backfill]     L25  PASS  qty=1  unit=37.5000  ext=37.50  calc=37.50  drift=0.0000  "HERB - PARSLEY ITALIAN (FLAT)"
[backfill]     L26  PASS  qty=1  unit=56.1500  ext=56.15  calc=56.15  drift=0.0000  "CAULIFLOWER - ROMANESCO"
[backfill]     L27  PASS  qty=1  unit=51.1500  ext=51.15  calc=51.15  drift=0.0000  "BROCCOLINI - BABY BROCCOLI"
[backfill]     L28  PASS  qty=1  unit=59.1500  ext=59.15  calc=59.15  drift=0.0000  "BROCCOLI - FLORETS"
[backfill]     L29  PASS  qty=1  unit=29.7000  ext=29.70  calc=29.70  drift=0.0000  "BOK CHOY - BABY"
[backfill]     L30  PASS  qty=1  unit=29.4500  ext=29.45  calc=29.45  drift=0.0000  "POTATO - YUKON A"
[backfill]     L31  PASS  qty=1  unit=29.1500  ext=29.15  calc=29.15  drift=0.0000  "SPRING MIX - ORGANIC SWEET"
[backfill]     L32  PASS  qty=1  unit=38.9500  ext=38.95  calc=38.95  drift=0.0000  "SEAWEED SALAD 4.4 LB FZ"
[backfill]     L33  PASS  qty=1  unit=102.1500  ext=102.15  calc=102.15  drift=0.0000  "MILK - COCONUT"
[backfill]     L34  PASS  qty=1  unit=145.9500  ext=145.95  calc=145.95  drift=0.0000  "DRIED - STRAWBERRIES"
[backfill]     L35  PASS  qty=6  unit=5.7000  ext=34.20  calc=34.20  drift=0.0000  "EDAMAME - PEELED FROZEN"
[backfill]     L36  PASS  qty=6  unit=5.7000  ext=34.20  calc=34.20  drift=0.0000  "EDAMAME - IN POD FROZEN"
[backfill]     L37  PASS  qty=1  unit=45.1500  ext=45.15  calc=45.15  drift=0.0000  "RICE - JASMINE"
[backfill]   RECONCILIATION:
[backfill]     sum(extracted extended_price) = $1377.64
[backfill]     stored total_amount           = $1377.64
[backfill]     diff                          = $0.00  (MATCH within tol)

[backfill] ──── afb5d81e-ee65-4122-9ecb-7a5849c0e3f7  (What Chefs Want #12604496)  total=$586.70
[backfill]   url(raw): https://drive.google.com/file/d/1BLkCYHuhElBQN3OmONVc9t3eV4IHRpa4/view?usp=drivesdk
[backfill]   downloaded 438461 bytes
[backfill]   pdf pages: 1  extracted: 1  type(s): image
[AI Scan] afb5d81e-ee65-4122-9ecb-7a5849c0e3f7: Extracted 16 line items
[backfill]   PG ai_line_items rows: 16
[backfill]   Sheet AI_LINE_ITEMS "STL - MO" rows for uuid: 16
[backfill]   per-line arithmetic (|qty*unit - ext| <= 2%|ext| + 0.01):
[backfill]     L1  PASS  qty=5  unit=5.4500  ext=27.25  calc=27.25  drift=0.0000  "PEAS - SUGAR SNAP PEAS"
[backfill]     L2  PASS  qty=1  unit=9.1500  ext=9.15  calc=9.15  drift=0.0000  "GRAPES - RED SEEDLESS"
[backfill]     L3  PASS  qty=1  unit=9.1500  ext=9.15  calc=9.15  drift=0.0000  "GRAPES - RED SEEDLESS"
[backfill]     L4  PASS  qty=1  unit=64.7000  ext=64.70  calc=64.70  drift=0.0000  "TURMERIC - ROOT"
[backfill]     L5  PASS  qty=1  unit=21.7000  ext=21.70  calc=21.70  drift=0.0000  "CUCUMBERS - SEEDLESS- ENGLISH"
[backfill]     L6  PASS  qty=1  unit=28.1500  ext=28.15  calc=28.15  drift=0.0000  "PINEAPPLE - GOLDEN RIPE"
[backfill]     L7  PASS  qty=1  unit=39.1500  ext=39.15  calc=39.15  drift=0.0000  "MELON - HONEYDEW"
[backfill]     L8  PASS  qty=1  unit=36.7000  ext=36.70  calc=36.70  drift=0.0000  "MELON - CANTALOUPE"
[backfill]     L9  PASS  qty=1  unit=27.7000  ext=27.70  calc=27.70  drift=0.0000  "YOGURT - GREEK CHOBANI BLUEBER"
[backfill]     L10  PASS  qty=1  unit=54.7000  ext=54.70  calc=54.70  drift=0.0000  "YOGURT - GREEK CHOBANI PLAN 4%"
[backfill]     L11  PASS  qty=1  unit=27.9500  ext=27.95  calc=27.95  drift=0.0000  "YOGURT - GREEK CHOBANI STRAWBE"
[backfill]     L12  PASS  qty=1  unit=55.1500  ext=55.15  calc=55.15  drift=0.0000  "EGGS - CITRIC LIQUID WHOLE"
[backfill]     L13  PASS  qty=4  unit=15.1500  ext=60.60  calc=60.60  drift=0.0000  "JUICE - LEMONADE NATALIE'S"
[backfill]     L14  PASS  qty=2  unit=16.1500  ext=32.30  calc=32.30  drift=0.0000  "JUICE - STRAW/LEMONAD NATALIE"
[backfill]     L15  PASS  qty=2  unit=33.7000  ext=67.40  calc=67.40  drift=0.0000  "JUICE - ORANGE FLORIDA"
[backfill]     L16  PASS  qty=1  unit=24.9500  ext=24.95  calc=24.95  drift=0.0000  "MILK - OAT MINOR FIGURES ORG"
[backfill]   RECONCILIATION:
[backfill]     sum(extracted extended_price) = $586.70
[backfill]     stored total_amount           = $586.70
[backfill]     diff                          = $0.00  (MATCH within tol)

[backfill] ──── 07e3c6b4-d4b1-469e-bc64-c813e45e7f1f  (Fortune Fish & Gourmet #359989-26-06)  total=$629.48
[backfill]   url(raw): https://drive.google.com/file/d/13bRSrYnNViGPX-PYK-EtgwU4JNmBvE6f/view?usp=drivesdk
[backfill]   downloaded 353552 bytes
[backfill]   pdf pages: 1  extracted: 1  type(s): image
[AI Scan] 07e3c6b4-d4b1-469e-bc64-c813e45e7f1f: Extracted 2 line items
[backfill]   PG ai_line_items rows: 2
[backfill]   Sheet AI_LINE_ITEMS "STL - MO" rows for uuid: 2
[backfill]   per-line arithmetic (|qty*unit - ext| <= 2%|ext| + 0.01):
[backfill]     L1  PASS  qty=50  unit=10.8900  ext=544.50  calc=544.50  drift=0.0000  "Nueske Sliced Bacon 12-14 10# Applewood Smoked 2/5"
[backfill]     L2  PASS  qty=2  unit=42.4900  ext=84.98  calc=84.98  drift=0.0000  "Di Stefano 4oz Burrata 12/4oz case #1010C 12/4oz c"
[backfill]   RECONCILIATION:
[backfill]     sum(extracted extended_price) = $629.48
[backfill]     stored total_amount           = $629.48
[backfill]     diff                          = $0.00  (MATCH within tol)

[backfill] ──── a66fad19-8ac7-4714-a203-1c3cc1e30036  (Fortune Fish & Gourmet #359988-26-06)  total=$69.99
[backfill]   url(raw): https://drive.google.com/file/d/1fqvgSCEOXTy3KiMWwp2qv3vJX0WoG6wl/view?usp=drivesdk
[backfill]   downloaded 330793 bytes
[backfill]   pdf pages: 1  extracted: 1  type(s): image
[AI Scan] a66fad19-8ac7-4714-a203-1c3cc1e30036: Extracted 1 line items
[backfill]   PG ai_line_items rows: 1
[backfill]   Sheet AI_LINE_ITEMS "STL - MO" rows for uuid: 1
[backfill]   per-line arithmetic (|qty*unit - ext| <= 2%|ext| + 0.01):
[backfill]     L1  PASS  qty=1  unit=64.9900  ext=64.99  calc=64.99  drift=0.0000  "PASTA RUS Spaghetti 12/500g Rustichella 11101 1.1#"
[backfill]   RECONCILIATION:
[backfill]     sum(extracted extended_price) = $64.99
[backfill]     stored total_amount           = $69.99
[backfill]     diff                          = $-5.00  (MISMATCH)

[backfill] ──── 364aa1d9-707d-4d5c-a190-c1a1b2841505  (Lohr Distribution #2818933)  total=$2681.10
[backfill]   url(raw): https://drive.google.com/file/d/1FiCq-BYBsQgxUtf_BeiK7vCh3jl9gJ6x/view?usp=drivesdk
[backfill]   downloaded 337309 bytes
[backfill]   pdf pages: 1  extracted: 1  type(s): image
[AI Scan] 364aa1d9-707d-4d5c-a190-c1a1b2841505: Extracted 3 line items
[backfill]   PG ai_line_items rows: 3
[backfill]   Sheet AI_LINE_ITEMS "STL - MO" rows for uuid: 3
[backfill]   per-line arithmetic (|qty*unit - ext| <= 2%|ext| + 0.01):
[backfill]     L1  PASS  qty=99  unit=25.6000  ext=2534.40  calc=2534.40  drift=0.0000  "Icelandic 330 ML Bottle 30Pk"
[backfill]     L2  PASS  qty=2  unit=24.4500  ext=48.90  calc=48.90  drift=0.0000  "Fitz's Root Beer 6/4/12 BTL"
[backfill]     L3  PASS  qty=4  unit=24.4500  ext=97.80  calc=97.80  drift=0.0000  "Fitz's Cream Soda 6/4/12 BTL"
[backfill]   RECONCILIATION:
[backfill]     sum(extracted extended_price) = $2681.10
[backfill]     stored total_amount           = $2681.10
[backfill]     diff                          = $0.00  (MATCH within tol)

[backfill] ──── c0d3ff9c-e350-46b3-ac94-91264671b90a  (Kuna Foodservice #225426-00)  total=$5902.48
[backfill]   url(raw): https://drive.google.com/file/d/18uG7Egt4QWNRCzkFgt2xRbvLeRm28_G2/view?usp=drivesdk
[backfill]   downloaded 1210632 bytes
[backfill]   pdf pages: 3  extracted: 3  type(s): image
[AI Scan] c0d3ff9c-e350-46b3-ac94-91264671b90a: Extracted 16 line items
[backfill]   PG ai_line_items rows: 16
[backfill]   Sheet AI_LINE_ITEMS "STL - MO" rows for uuid: 16
[backfill]   per-line arithmetic (|qty*unit - ext| <= 2%|ext| + 0.01):
[backfill]     L1  PASS  qty=1  unit=47.3700  ext=47.37  calc=47.37  drift=0.0000  "RED DELICIOUS LITE BRAND RED 11 02"
[backfill]     L2  PASS  qty=1  unit=37.9800  ext=37.98  calc=37.98  drift=0.0000  "PINEAPPLE SHRED OR CHUKED"
[backfill]     L3  PASS  qty=2  unit=61.4000  ext=122.80  calc=122.80  drift=0.0000  "MANGO CHUNK DILLE LTLY CTN 100"
[backfill]     L4  PASS  qty=1  unit=61.5800  ext=61.58  calc=61.58  drift=0.0000  "CILANTRO FRESH QT 2 LILLY 1/25L NOL"
[backfill]     L5  PASS  qty=1  unit=35.1100  ext=35.11  calc=35.11  drift=0.0000  "CARROTS BABY PEELED CUT LTLY 2 LB"
[backfill]     L6  PASS  qty=1  unit=72.6800  ext=72.68  calc=72.68  drift=0.0000  "STRAWBERRIES LG GD 16 CT"
[backfill]     L7  PASS  qty=1  unit=61.1200  ext=61.12  calc=61.12  drift=0.0000  "RASPBERRY 6 OZ CLAMSHELL"
[backfill]     L8  PASS  qty=2  unit=49.1200  ext=98.24  calc=98.24  drift=0.0000  "BLACKBERRY 6 OZ CLAMSHELL 12 CT"
[backfill]     L9  PASS  qty=1  unit=42.5100  ext=42.51  calc=42.51  drift=0.0000  "SPINACH BABY 5LB TUB QT 0.5L/HERB/PK 1"
[backfill]     L10  PASS  qty=2  unit=61.1300  ext=122.26  calc=122.26  drift=0.0000  "KALE 1.5 LB >>> 20.00 PREMIUM 10/2"
[backfill]     L11  PASS  qty=1  unit=462.7100  ext=462.71  calc=462.71  drift=0.0000  "PEAS SPLIT TO 22 PKG CN 6/PK PRIME"
[backfill]     L12  PASS  qty=1  unit=43.5000  ext=43.50  calc=43.50  drift=0.0000  "LEMON CURD MILL 100ML "
[backfill]     L13  PASS  qty=1  unit=110.0700  ext=110.07  calc=110.07  drift=0.0000  "HONEY PLAIN QT"
[backfill]     L14  PASS  qty=3  unit=20.3700  ext=61.12  calc=61.11  drift=0.0100  "ORANGES NAVEL QT & CUT NAVEL TRIO PLATEAUX GEYSERV"
[backfill]     L15  PASS  qty=2  unit=30.4700  ext=60.94  calc=60.94  drift=0.0000  "ORANGES VALENCIA NAVEL 72 CT BOX"
[backfill]     L16  PASS  qty=1  unit=76.5000  ext=76.50  calc=76.50  drift=0.0000  "PINEAPPLE DICED CT 5 & PAPAYA HYBRID"
[backfill]   RECONCILIATION:
[backfill]     sum(extracted extended_price) = $1516.49
[backfill]     stored total_amount           = $5902.48
[backfill]     diff                          = $-4385.99  (MISMATCH)

[backfill] ──── d2abba78-fdeb-43f3-81dd-40b2d30f600f  (Rolling Lawn Farms #129658)  total=$167.48
[backfill]   url(raw): https://drive.google.com/file/d/1iSSHvf6FwAjdn35_Yx2zUypUysp7C5E1/view?usp=drivesdk
[backfill]   downloaded 316237 bytes
[backfill]   pdf pages: 1  extracted: 1  type(s): image
[AI Scan] d2abba78-fdeb-43f3-81dd-40b2d30f600f: Extracted 6 line items
[backfill]   PG ai_line_items rows: 6
[backfill]   Sheet AI_LINE_ITEMS "STL - MO" rows for uuid: 6
[backfill]   per-line arithmetic (|qty*unit - ext| <= 2%|ext| + 0.01):
[backfill]     L1  PASS  qty=3  unit=4.4600  ext=13.38  calc=13.38  drift=0.0000  "Half & Half - 32 oz."
[backfill]     L2  PASS  qty=4  unit=3.9900  ext=15.96  calc=15.96  drift=0.0000  "Chocolate Milk - 64 oz."
[backfill]     L3  PASS  qty=2  unit=3.1300  ext=6.26  calc=6.26  drift=0.0000  "Whole Milk - 64 oz."
[backfill]     L4  PASS  qty=2  unit=3.1300  ext=6.26  calc=6.26  drift=0.0000  "2% Milk - 64 oz."
[backfill]     L5  PASS  qty=16  unit=7.3400  ext=117.44  calc=117.44  drift=0.0000  "Heavy Cream - 32 oz."
[backfill]     L6  PASS  qty=2  unit=4.0900  ext=8.18  calc=8.18  drift=0.0000  "Buttermilk - 64oz"
[backfill]   RECONCILIATION:
[backfill]     sum(extracted extended_price) = $167.48
[backfill]     stored total_amount           = $167.48
[backfill]     diff                          = $0.00  (MATCH within tol)

[backfill] ──── 2c23c132-380b-4298-934c-a834a21b95db  (What Chefs Want #12604497)  total=$35.90
[backfill]   url(raw): https://drive.google.com/file/d/1JhfwzRjJKGueT4hRUanIa00gTcvRkQU1/view?usp=drivesdk
[backfill]   downloaded 316217 bytes
[backfill]   pdf pages: 1  extracted: 1  type(s): image
[AI Scan] 2c23c132-380b-4298-934c-a834a21b95db: Extracted 1 line items
[backfill]   PG ai_line_items rows: 1
[backfill]   Sheet AI_LINE_ITEMS "STL - MO" rows for uuid: 1
[backfill]   per-line arithmetic (|qty*unit - ext| <= 2%|ext| + 0.01):
[backfill]     L1  PASS  qty=1  unit=35.9000  ext=35.90  calc=35.90  drift=0.0000  "YOGURT - VANILLA OHIO"
[backfill]   RECONCILIATION:
[backfill]     sum(extracted extended_price) = $35.90
[backfill]     stored total_amount           = $35.90
[backfill]     diff                          = $0.00  (MATCH within tol)

[backfill] ──── 28a19163-b8a5-42f0-a86b-f02eb4934345  (What Chefs Want #12607747)  total=$102.15
[backfill]   url(raw): https://drive.google.com/file/d/16dTeo3GEj71YGqSO8HsSiq6JvCJz0s4h/view?usp=drivesdk
[backfill]   downloaded 313317 bytes
[backfill]   pdf pages: 1  extracted: 1  type(s): image
[AI Scan] 28a19163-b8a5-42f0-a86b-f02eb4934345: Extracted 1 line items
[backfill]   PG ai_line_items rows: 1
[backfill]   Sheet AI_LINE_ITEMS "STL - MO" rows for uuid: 1
[backfill]   per-line arithmetic (|qty*unit - ext| <= 2%|ext| + 0.01):
[backfill]     L1  PASS  qty=1  unit=102.1500  ext=102.15  calc=102.15  drift=0.0000  "MILK - COCONUT"
[backfill]   RECONCILIATION:
[backfill]     sum(extracted extended_price) = $102.15
[backfill]     stored total_amount           = $102.15
[backfill]     diff                          = $0.00  (MATCH within tol)

[backfill] ──── f38143f4-2661-4b0a-8059-e955aa044606  (What Chefs Want #12609856)  total=$123.95
[backfill]   url(raw): https://drive.google.com/file/d/1BGgV_6_JjvDJu8LxM9AoUExrv88MjZN5/view?usp=drivesdk
[backfill]   downloaded 328679 bytes
[backfill]   pdf pages: 1  extracted: 1  type(s): image
[AI Scan] f38143f4-2661-4b0a-8059-e955aa044606: Extracted 3 line items
[backfill]   PG ai_line_items rows: 3
[backfill]   Sheet AI_LINE_ITEMS "STL - MO" rows for uuid: 3
[backfill]   per-line arithmetic (|qty*unit - ext| <= 2%|ext| + 0.01):
[backfill]     L1  PASS  qty=1  unit=9.1000  ext=9.10  calc=9.10  drift=0.0000  "COLESLAW - SHREDDED"
[backfill]     L2  PASS  qty=2  unit=6.3500  ext=12.70  calc=12.70  drift=0.0000  "SUGAR - GRANULATED FINE 4 LB"
[backfill]     L3  PASS  qty=1  unit=102.1500  ext=102.15  calc=102.15  drift=0.0000  "MILK - COCONUT"
[backfill]   RECONCILIATION:
[backfill]     sum(extracted extended_price) = $123.95
[backfill]     stored total_amount           = $123.95
[backfill]     diff                          = $0.00  (MATCH within tol)

[backfill] ──── 189b03bf-df3b-46f8-a46b-5c79e0f781ee  (What Chefs Want #1471113)  total=$-102.15
[backfill]   url(raw): https://drive.google.com/file/d/1oqwQm-xqzV7SdttUZb-TC4x7l7SvvByj/view?usp=drivesdk
[backfill]   downloaded 304753 bytes
[backfill]   pdf pages: 1  extracted: 1  type(s): image
[AI Scan] 189b03bf-df3b-46f8-a46b-5c79e0f781ee: Extracted 1 line items
[backfill]   PG ai_line_items rows: 1
[backfill]   Sheet AI_LINE_ITEMS "STL - MO" rows for uuid: 1
[backfill]   per-line arithmetic (|qty*unit - ext| <= 2%|ext| + 0.01):
[backfill]     L1  HOLD  qty=1  unit=102.1500  ext=-102.15  calc=102.15  drift=204.3000  "MILK - COCONUT"
[backfill]   RECONCILIATION:
[backfill]     sum(extracted extended_price) = $-102.15
[backfill]     stored total_amount           = $-102.15
[backfill]     diff                          = $0.00  (MATCH within tol)

[backfill] ──── 518e3c42-3996-4a9f-a903-f14580d220af  (What Chefs Want #12589552)  total=$342.72
[backfill]   url(raw): https://drive.google.com/file/d/1HjP-8hvuBpsXLcO1orQxgKv84WmE5WmZ/view?usp=drivesdk
[backfill]   downloaded 292444 bytes
[backfill]   pdf pages: 1  extracted: 1  type(s): image
[AI Scan] 518e3c42-3996-4a9f-a903-f14580d220af: Extracted 1 line items
[backfill]   PG ai_line_items rows: 1
[backfill]   Sheet AI_LINE_ITEMS "STL - MO" rows for uuid: 1
[backfill]   per-line arithmetic (|qty*unit - ext| <= 2%|ext| + 0.01):
[backfill]     L1  HOLD  qty=3  unit=11.2000  ext=342.72  calc=33.60  drift=309.1200  "VENISON - OSSO BUCCO 3" F/S"
[backfill]   RECONCILIATION:
[backfill]     sum(extracted extended_price) = $342.72
[backfill]     stored total_amount           = $342.72
[backfill]     diff                          = $0.00  (MATCH within tol)

[backfill] ──── d899a43b-34ce-4247-b233-2fc486670266  (What Chefs Want #1470969)  total=$-145.95
[backfill]   url(raw): https://drive.google.com/file/d/1KFjWamKhIkUIC7ukM4Y_4cBKJ3VpdmEi/view?usp=drivesdk
[backfill]   downloaded 353793 bytes
[backfill]   pdf pages: 1  extracted: 1  type(s): image
[AI Scan] d899a43b-34ce-4247-b233-2fc486670266: Extracted 1 line items
[backfill]   PG ai_line_items rows: 1
[backfill]   Sheet AI_LINE_ITEMS "STL - MO" rows for uuid: 1
[backfill]   per-line arithmetic (|qty*unit - ext| <= 2%|ext| + 0.01):
[backfill]     L1  PASS  qty=1  unit=0.0000  ext=0.00  calc=0.00  drift=0.0000  "DRIED FRUIT - STRAWBERRIES"
[backfill]   RECONCILIATION:
[backfill]     sum(extracted extended_price) = $0.00
[backfill]     stored total_amount           = $-145.95
[backfill]     diff                          = $145.95  (MISMATCH)

[backfill] ──── 2b59be49-a619-4c1e-8ad5-712b2bef9cbc  (Kuna Foodservice #227715-00)  total=$1402.29
[backfill]   url(raw): https://drive.google.com/file/d/1uH0Q3r8-dMgfLGW4vnknhAWlwbadJlt3/view?usp=drivesdk
[backfill]   downloaded 745347 bytes
[backfill]   pdf pages: 2  extracted: 2  type(s): image
[AI Scan] 2b59be49-a619-4c1e-8ad5-712b2bef9cbc: Extracted 19 line items
[backfill]   PG ai_line_items rows: 19
[backfill]   Sheet AI_LINE_ITEMS "STL - MO" rows for uuid: 19
[backfill]   per-line arithmetic (|qty*unit - ext| <= 2%|ext| + 0.01):
[backfill]     L1  PASS  qty=1  unit=35.1200  ext=35.12  calc=35.12  drift=0.0000  "DILL FRESH"
[backfill]     L2  PASS  qty=1  unit=86.5800  ext=86.58  calc=86.58  drift=0.0000  "CELLULOSE LRG CLEAR MIX"
[backfill]     L3  PASS  qty=1  unit=92.5200  ext=92.52  calc=92.52  drift=0.0000  "SPRINGROLL DISH ALUMINUM"
[backfill]     L4  PASS  qty=1  unit=16.8600  ext=16.86  calc=16.86  drift=0.0000  "GRITS OLD EMPIRE COOKED"
[backfill]     L5  PASS  qty=1  unit=9.5900  ext=9.59  calc=9.59  drift=0.0000  "SPICE 6 LB TG GRILLO SPICE201"
[backfill]     L6  PASS  qty=1  unit=12.8600  ext=12.86  calc=12.86  drift=0.0000  "ARUGULA WILD SZ #3 GRILLO"
[backfill]     L7  PASS  qty=1  unit=65.5300  ext=65.53  calc=65.53  drift=0.0000  "BROCCOLINI CAL"
[backfill]     L8  PASS  qty=5  unit=12.6800  ext=63.40  calc=63.40  drift=0.0000  "BASIL LRG BLACK CRATE"
[backfill]     L9  PASS  qty=2  unit=22.2200  ext=44.44  calc=44.44  drift=0.0000  "SPINACH BABY CLAMSHELL LRG WPL CS"
[backfill]     L10  PASS  qty=1  unit=22.0200  ext=22.02  calc=22.02  drift=0.0000  "FLOUR SUPERFINE PASTA 'TIPO 00'"
[backfill]     L11  PASS  qty=1  unit=26.5400  ext=26.54  calc=26.54  drift=0.0000  "BROCCOLI CROWNS 1/ 20 LB"
[backfill]     L12  PASS  qty=1  unit=15.5400  ext=15.54  calc=15.54  drift=0.0000  "NOODLE CHEX 10 PZ PRIME PASTA SQ"
[backfill]     L13  PASS  qty=16.54  unit=18.6000  ext=307.60  calc=307.64  drift=0.0440  "BEEF SIRLOIN XX PRIME PASO SQ"
[backfill]     L14  PASS  qty=10.62  unit=30.3000  ext=321.78  calc=321.79  drift=0.0060  "BBQ TENDERLOIN TEA PRIME COLL"
[backfill]     L15  PASS  qty=3.37  unit=12.6000  ext=42.46  calc=42.46  drift=0.0020  "PEAMEAL FISH RST PE COLL"
[backfill]     L16  PASS  qty=8  unit=11.1800  ext=89.44  calc=89.44  drift=0.0000  "WINE OREGANO GUIMPLEY"
[backfill]     L17  PASS  qty=12  unit=31.1800  ext=374.16  calc=374.16  drift=0.0000  "MUSHROOM FRESH 12/ 8OZ CZ WPL"
[backfill]     L18  PASS  qty=20  unit=31.1800  ext=623.60  calc=623.60  drift=0.0000  "STRAWBERRIES FRESH 1/2/ 8OZ CZ"
[backfill]     L19  HOLD  qty=0  unit=0.0000  ext=86.59  calc=0.00  drift=86.5900  "DISTRIBUTION FEE"
[backfill]   RECONCILIATION:
[backfill]     sum(extracted extended_price) = $2336.63
[backfill]     stored total_amount           = $1402.29
[backfill]     diff                          = $934.34  (MISMATCH)

[backfill] ──── a6b6b2ac-ba9f-4d28-8394-4666d7c80a7e  (City Seafood #INV24346)  total=$1055.67
[backfill]   url(raw): https://drive.google.com/file/d/1lbnLBzaOfrnlQQKGNlw0XB6EmILPdrd-/view?usp=drivesdk
[backfill]   downloaded 231031 bytes
[backfill]   pdf pages: 1  extracted: 1  type(s): image
[AI Scan] a6b6b2ac-ba9f-4d28-8394-4666d7c80a7e: Extracted 7 line items
[backfill]   PG ai_line_items rows: 7
[backfill]   Sheet AI_LINE_ITEMS "STL - MO" rows for uuid: 7
[backfill]   per-line arithmetic (|qty*unit - ext| <= 2%|ext| + 0.01):
[backfill]     L1  PASS  qty=10.1  unit=23.9900  ext=242.30  calc=242.30  drift=0.0010  "SALMON ORA KING FILET"
[backfill]     L2  PASS  qty=10.8  unit=25.9900  ext=280.69  calc=280.69  drift=0.0020  "TUNA Y-FIN 60+ #1 100%"
[backfill]     L3  PASS  qty=10  unit=8.1300  ext=81.25  calc=81.30  drift=0.0500  "SHP 16-20 RPTO CENSEA WH"
[backfill]     L4  PASS  qty=7.89  unit=18.5100  ext=146.06  calc=146.04  drift=0.0161  "SMOKED SALMON NORWAY"
[backfill]     L5  PASS  qty=3  unit=70.0000  ext=210.00  calc=210.00  drift=0.0000  "SOFT SHL CRAB PRIME DOM"
[backfill]     L6  PASS  qty=5  unit=9.8200  ext=49.08  calc=49.10  drift=0.0200  "TASSO HAM POCHE"
[backfill]     L7  PASS  qty=5.15  unit=8.9900  ext=46.30  calc=46.30  drift=0.0015  "ANDOUILLE SAUSAGE"
[backfill]   RECONCILIATION:
[backfill]     sum(extracted extended_price) = $1055.68
[backfill]     stored total_amount           = $1055.67
[backfill]     diff                          = $0.01  (MATCH within tol)

[backfill] ──── 717e6c75-4c6d-4b17-86d2-a2c6bb0cfb60  (What Chefs Want #12614395)  total=$485.67
[backfill]   url(raw): https://drive.google.com/file/d/1pxZV4GYq81LQ1HPusyM50ceUobW2CNSV/view?usp=drivesdk
[backfill]   downloaded 420554 bytes
[backfill]   pdf pages: 1  extracted: 1  type(s): image
[AI Scan] 717e6c75-4c6d-4b17-86d2-a2c6bb0cfb60: Extracted 11 line items
[backfill]   PG ai_line_items rows: 11
[backfill]   Sheet AI_LINE_ITEMS "STL - MO" rows for uuid: 11
[backfill]   per-line arithmetic (|qty*unit - ext| <= 2%|ext| + 0.01):
[backfill]     L1  PASS  qty=10  unit=2.6000  ext=26.00  calc=26.00  drift=0.0000  "PLANTAIN"
[backfill]     L2  PASS  qty=1  unit=28.3500  ext=28.35  calc=28.35  drift=0.0000  "SHOYU - WHITE SHIRO"
[backfill]     L3  PASS  qty=1  unit=21.7000  ext=21.70  calc=21.70  drift=0.0000  "CUCUMBERS - SEEDLESS- ENGLISH"
[backfill]     L4  PASS  qty=1  unit=27.9500  ext=27.95  calc=27.95  drift=0.0000  "HERB - CILANTRO FRESH BUNCH"
[backfill]     L5  PASS  qty=1  unit=61.7000  ext=61.70  calc=61.70  drift=0.0000  "TOMATO - CHERRY HEIRLOOM"
[backfill]     L6  PASS  qty=1  unit=50.1500  ext=50.15  calc=50.15  drift=0.0000  "WATERMELON - RED SEEDLESS"
[backfill]     L7  PASS  qty=1  unit=59.1500  ext=59.15  calc=59.15  drift=0.0000  "BLUEBERRIES - MARKET CLAM"
[backfill]     L8  PASS  qty=1  unit=40.1500  ext=40.15  calc=40.15  drift=0.0000  "PEPPERS - RED BELL"
[backfill]     L9  PASS  qty=2  unit=28.9500  ext=57.90  calc=57.90  drift=0.0000  "YOGURT - GREEK CHOBANI STRAWBE"
[backfill]     L10  PASS  qty=1  unit=87.6700  ext=87.67  calc=87.67  drift=0.0000  "AVOCADO - HALVES FROZEN"
[backfill]     L11  PASS  qty=1  unit=24.9500  ext=24.95  calc=24.95  drift=0.0000  "VINEGAR - WHITE DISTILLED 4%"
[backfill]   RECONCILIATION:
[backfill]     sum(extracted extended_price) = $485.67
[backfill]     stored total_amount           = $485.67
[backfill]     diff                          = $-0.00  (MATCH within tol)

[backfill] ──── c807c6d3-12a0-42de-a437-6479ad3ff2f5  (What Chefs Want #12609855)  total=$123.95
[backfill]   url(raw): https://drive.google.com/file/d/1PP_fc3FWIKIVABdO_-Gr9FKurZrTv5yz/view?usp=drivesdk
[backfill]   downloaded 298664 bytes
[backfill]   pdf pages: 1  extracted: 1  type(s): image
[AI Scan] c807c6d3-12a0-42de-a437-6479ad3ff2f5: Extracted 3 line items
[backfill]   PG ai_line_items rows: 3
[backfill]   Sheet AI_LINE_ITEMS "STL - MO" rows for uuid: 3
[backfill]   per-line arithmetic (|qty*unit - ext| <= 2%|ext| + 0.01):
[backfill]     L1  HOLD  qty=2  unit=9.1000  ext=9.10  calc=18.20  drift=9.1000  "COLESLAW - SHREDDED"
[backfill]     L2  PASS  qty=2  unit=6.3500  ext=12.70  calc=12.70  drift=0.0000  "SUGAR - GRANULATED FINE 4 LB"
[backfill]     L3  PASS  qty=1  unit=102.1500  ext=102.15  calc=102.15  drift=0.0000  "MILK - COCONUT"
[backfill]   RECONCILIATION:
[backfill]     sum(extracted extended_price) = $123.95
[backfill]     stored total_amount           = $123.95
[backfill]     diff                          = $0.00  (MATCH within tol)

[backfill] ──── df3e6330-e667-4947-8b97-4a069ef1522f  (Grey Eagle #627154)  total=$1652.30
[backfill]   url(raw): https://drive.google.com/file/d/1Kvp8a5MgBYz8sNvgX63PGxOASCSCZWNM/view?usp=drivesdk
[backfill]   downloaded 470307 bytes
[backfill]   pdf pages: 1  extracted: 1  type(s): image
[AI Scan] df3e6330-e667-4947-8b97-4a069ef1522f: Extracted 3 line items
[backfill]   PG ai_line_items rows: 3
[backfill]   Sheet AI_LINE_ITEMS "STL - MO" rows for uuid: 3
[backfill]   per-line arithmetic (|qty*unit - ext| <= 2%|ext| + 0.01):
[backfill]     L1  HOLD  qty=91  unit=20.3000  ext=1437.80  calc=1847.30  drift=409.5000  "ESSENTIA 1282 12P"
[backfill]     L2  PASS  qty=6  unit=21.4500  ext=128.70  calc=128.70  drift=0.0000  "QUAC COCO 12P CH"
[backfill]     L3  PASS  qty=4  unit=21.4500  ext=85.80  calc=85.80  drift=0.0000  "QUAC PINEAPPLE 12P"
[backfill]   RECONCILIATION:
[backfill]     sum(extracted extended_price) = $1652.30
[backfill]     stored total_amount           = $1652.30
[backfill]     diff                          = $0.00  (MATCH within tol)

[backfill] ──── afc8c564-ae3d-4f68-a978-bdc7d62f804a  (What Chefs Want #12620041)  total=$809.30
[backfill]   url(raw): https://drive.google.com/file/d/1DPMNKXNHWT-3I-PxJWI3uz8tYhxW7TvI/view?usp=drivesdk
[backfill]   downloaded 767995 bytes
[backfill]   pdf pages: 2  extracted: 2  type(s): image
[AI Scan] afc8c564-ae3d-4f68-a978-bdc7d62f804a: Extracted 32 line items
[backfill]   PG ai_line_items rows: 32
[backfill]   Sheet AI_LINE_ITEMS "STL - MO" rows for uuid: 32
[backfill]   per-line arithmetic (|qty*unit - ext| <= 2%|ext| + 0.01):
[backfill]     L1  HOLD  qty=3  unit=2.1000  ext=6.55  calc=6.30  drift=0.2500  "SQUASH - ACORN"
[backfill]     L2  HOLD  qty=3  unit=2.6000  ext=8.01  calc=7.80  drift=0.2100  "PLANTAIN"
[backfill]     L3  PASS  qty=1  unit=19.5500  ext=19.55  calc=19.55  drift=0.0000  "CAULIFLOWER - FLORETS"
[backfill]     L4  PASS  qty=3  unit=8.4500  ext=25.35  calc=25.35  drift=0.0000  "MELON - HONEYDEW"
[backfill]     L5  PASS  qty=3  unit=3.9000  ext=11.70  calc=11.70  drift=0.0000  "LETTUCE - HYDRO BUTTER BOSTON"
[backfill]     L6  PASS  qty=1  unit=6.1000  ext=6.10  calc=6.10  drift=0.0000  "HERB - LEMONGRASS FRESH"
[backfill]     L7  PASS  qty=1  unit=7.5500  ext=7.55  calc=7.55  drift=0.0000  "GINGER ROOT"
[backfill]     L8  PASS  qty=3  unit=3.4000  ext=10.20  calc=10.20  drift=0.0000  "CELERY"
[backfill]     L9  PASS  qty=1  unit=11.1500  ext=11.15  calc=11.15  drift=0.0000  "HERB - BASIL FRESH"
[backfill]     L10  PASS  qty=1  unit=15.9000  ext=15.90  calc=15.90  drift=0.0000  "ONIONS - GREEN ICELESS"
[backfill]     L11  PASS  qty=1  unit=21.3500  ext=21.35  calc=21.35  drift=0.0000  "CHEESE - RICOTTA POLY-O"
[backfill]     L12  PASS  qty=1  unit=41.1000  ext=41.10  calc=41.10  drift=0.0000  "CHEESE - PARMESAN GRATED FRSH"
[backfill]     L13  PASS  qty=1  unit=13.5500  ext=13.55  calc=13.55  drift=0.0000  "TOMATO - IV SEMI DRIED"
[backfill]     L14  PASS  qty=1  unit=10.1500  ext=10.15  calc=10.15  drift=0.0000  "SPICE - GINGER GROUND"
[backfill]     L15  PASS  qty=2  unit=21.6000  ext=43.20  calc=43.20  drift=0.0000  "TOMATO - SUNDRIED IN OIL"
[backfill]     L16  PASS  qty=12  unit=3.8500  ext=46.20  calc=46.20  drift=0.0000  "NOODLES - QUICK EGG DRY/ RAMEN"
[backfill]     L17  PASS  qty=1  unit=12.6500  ext=12.65  calc=12.65  drift=0.0000  "CAPERS - NONPAREIL"
[backfill]     L18  PASS  qty=3  unit=13.3500  ext=40.05  calc=40.05  drift=0.0000  "BAMBOO PICK - WITH LOOP 4""
[backfill]     L19  PASS  qty=1  unit=32.1500  ext=32.15  calc=32.15  drift=0.0000  "PEPPERS - POBLANO"
[backfill]     L20  PASS  qty=1  unit=28.1500  ext=28.15  calc=28.15  drift=0.0000  "PINEAPPLE - GOLDEN RIPE"
[backfill]     L21  PASS  qty=1  unit=33.7000  ext=33.70  calc=33.70  drift=0.0000  "KIWI FRUIT - NUMBER 1"
[backfill]     L22  PASS  qty=1  unit=54.1500  ext=54.15  calc=54.15  drift=0.0000  "ASPARAGUS - WHITE"
[backfill]     L23  PASS  qty=1  unit=34.1500  ext=34.15  calc=34.15  drift=0.0000  "SLAW MIX - BROCCOLI"
[backfill]     L24  PASS  qty=2  unit=88.5000  ext=177.00  calc=177.00  drift=0.0000  "BEEF - PATTIES 4OZ/BLACK HAWK"
[backfill]     L25  PASS  qty=1  unit=27.0900  ext=27.09  calc=27.09  drift=0.0000  "IQF SLICED BANANAS"
[backfill]     L26  PASS  qty=1  unit=72.6000  ext=72.60  calc=72.60  drift=0.0000  "PESTO - FROZEN TENNESSEE"
[backfill]     L27  PASS  qty=0  unit=7.3000  ext=0.00  calc=0.00  drift=0.0000  "ENDIVE - BELGIAN"
[backfill]     L28  PASS  qty=0  unit=3.9500  ext=0.00  calc=0.00  drift=0.0000  "CAULIFLOWER - BABY FLORENTINO"
[backfill]     L29  PASS  qty=0  unit=4.4000  ext=0.00  calc=0.00  drift=0.0000  "LETTUCE - ICEBERG"
[backfill]     L30  PASS  qty=0  unit=4.9500  ext=0.00  calc=0.00  drift=0.0000  "PEAS - SNOW"
[backfill]     L31  PASS  qty=0  unit=13.8500  ext=0.00  calc=0.00  drift=0.0000  "COTTAGE CHEESE"
[backfill]     L32  PASS  qty=0  unit=15.7500  ext=0.00  calc=0.00  drift=0.0000  "SOUR CREAM"
[backfill]   RECONCILIATION:
[backfill]     sum(extracted extended_price) = $809.30
[backfill]     stored total_amount           = $809.30
[backfill]     diff                          = $0.00  (MATCH within tol)

[backfill] ──── bc90d6d4-f70d-4f58-a0d0-c3b3ff3b6699  (City Seafood #INV24440)  total=$1726.07
[backfill]   url(raw): https://drive.google.com/file/d/12yCca_P7VdwKWAkTd4YIYQqWkCq5Ot2z/view?usp=drivesdk
[backfill]   downloaded 226826 bytes
[backfill]   pdf pages: 1  extracted: 1  type(s): image
[AI Scan] bc90d6d4-f70d-4f58-a0d0-c3b3ff3b6699: Extracted 4 line items
[backfill]   PG ai_line_items rows: 4
[backfill]   Sheet AI_LINE_ITEMS "STL - MO" rows for uuid: 4
[backfill]   per-line arithmetic (|qty*unit - ext| <= 2%|ext| + 0.01):
[backfill]     L1  PASS  qty=11.9  unit=23.9900  ext=285.48  calc=285.48  drift=0.0010  "SALMON ORA KING FILET"
[backfill]     L2  PASS  qty=16  unit=42.2400  ext=675.87  calc=675.84  drift=0.0300  "SCALLOP SEA U-10 DRY EL"
[backfill]     L3  PASS  qty=7.85  unit=27.9900  ext=219.72  calc=219.72  drift=0.0015  "GROUPER RED FILET 5KLS"
[backfill]     L4  PASS  qty=20  unit=27.2500  ext=545.00  calc=545.00  drift=0.0000  "LOBSTER TL 6-7 OZ CAN"
[backfill]   RECONCILIATION:
[backfill]     sum(extracted extended_price) = $1726.07
[backfill]     stored total_amount           = $1726.07
[backfill]     diff                          = $0.00  (MATCH within tol)

[backfill] ──── 8eec71d0-7aa1-47c1-9df2-0dc913b525a5  (Kuna Foodservice #229175-00)  total=$3790.43
[backfill]   url(raw): https://drive.google.com/file/d/1TqaV5HWMwri18tkHIJzBRVm6LAx9100O/view?usp=drivesdk
[backfill]   downloaded 760978 bytes
[backfill]   pdf pages: 2  extracted: 2  type(s): image
[AI Scan] 8eec71d0-7aa1-47c1-9df2-0dc913b525a5: Extracted 17 line items
[backfill]   PG ai_line_items rows: 17
[backfill]   Sheet AI_LINE_ITEMS "STL - MO" rows for uuid: 17
[backfill]   per-line arithmetic (|qty*unit - ext| <= 2%|ext| + 0.01):
[backfill]     L1  HOLD  qty=15.31  unit=22.8500  ext=451.14  calc=349.83  drift=101.3065  "SPECIAL GIRL & BOYS LIKE TEXAS DH NOT RETRIEVABLE"
[backfill]     L2  HOLD  qty=4  unit=42.5000  ext=0.00  calc=170.00  drift=170.0000  "SPECIAL GIRL & BOYS LIKE TEXAS DH NOT RETRIEVABLE"
[backfill]     L3  HOLD  qty=1  unit=42.5000  ext=0.00  calc=42.50  drift=42.5000  "CELERY STALKS FRESH DRY REFRIGERATE WI 38 GRS"
[backfill]     L4  PASS  qty=2  unit=0.0000  ext=0.00  calc=0.00  drift=0.0000  "LIMES FRESH DRY REFRIGERATE WI 38 GRAMS"
[backfill]     L5  PASS  qty=1  unit=0.0000  ext=0.00  calc=0.00  drift=0.0000  "RED BEETS WGLS CELLO WHITE EB"
[backfill]     L6  PASS  qty=1  unit=0.0000  ext=0.00  calc=0.00  drift=0.0000  "CELERY STLK XGLS NESS WHITE 14 COUNTS PLEASE"
[backfill]     L7  PASS  qty=1  unit=0.0000  ext=0.00  calc=0.00  drift=0.0000  "BEEF STRIP LOIN XC1 PRIME COKED TED"
[backfill]     L8  PASS  qty=2  unit=0.0000  ext=0.00  calc=0.00  drift=0.0000  "PEPPERONIES - OLEY SPICL"
[backfill]     L9  PASS  qty=3  unit=0.0000  ext=0.00  calc=0.00  drift=0.0000  "GOATS CHEESE PLGN CELLO"
[backfill]     L10  PASS  qty=1  unit=0.0000  ext=0.00  calc=0.00  drift=0.0000  "GOODS CELLO BKFST WT 3B PF"
[backfill]     L11  PASS  qty=1  unit=0.0000  ext=0.00  calc=0.00  drift=0.0000  "GOODS MILK WT 3B REFRIGERATE WI GROUNDS"
[backfill]     L12  PASS  qty=1  unit=0.0000  ext=0.00  calc=0.00  drift=0.0000  "GOODS MILK NTRITION WT 3B GROUNDS ALL"
[backfill]     L13  PASS  qty=1  unit=0.0000  ext=0.00  calc=0.00  drift=0.0000  "DEEPS SEEDED CELLO WT 3B PF"
[backfill]     L14  PASS  qty=1  unit=0.0000  ext=0.00  calc=0.00  drift=0.0000  "BEEF STRIP XGLS PRIME WHITE EB COUNTS"
[backfill]     L15  PASS  qty=1  unit=0.0000  ext=0.00  calc=0.00  drift=0.0000  "RED PEPPERONEES MILK CELLO EB 38 PF"
[backfill]     L16  PASS  qty=1  unit=0.0000  ext=0.00  calc=0.00  drift=0.0000  "RED GOODS SHELL CELLO WHITE EB PLEASE"
[backfill]     L17  HOLD  qty=1  unit=3.8000  ext=0.00  calc=3.80  drift=3.8000  "MAJOR CHECK ROMBOY"
[backfill]   RECONCILIATION:
[backfill]     sum(extracted extended_price) = $451.14
[backfill]     stored total_amount           = $3790.43
[backfill]     diff                          = $-3339.29  (MISMATCH)

[backfill] ──── 7ea67288-2a72-4475-8292-9f7f6e2fce55  (Kuna Foodservice #231275-00)  total=$121.67
[backfill]   url(raw): https://drive.google.com/file/d/1FOiMppFgKY-tCtvidATwGFsvL3sUI8w3/view?usp=drivesdk
[backfill]   downloaded 349642 bytes
[backfill]   pdf pages: 1  extracted: 1  type(s): image
[AI Scan] 7ea67288-2a72-4475-8292-9f7f6e2fce55: Extracted 2 line items
[backfill]   PG ai_line_items rows: 2
[backfill]   Sheet AI_LINE_ITEMS "STL - MO" rows for uuid: 2
[backfill]   per-line arithmetic (|qty*unit - ext| <= 2%|ext| + 0.01):
[backfill]     L1  PASS  qty=1  unit=35.1800  ext=35.18  calc=35.18  drift=0.0000  "BROCCOLI CROWNS 14/2LB"
[backfill]     L2  PASS  qty=70.39  unit=1.1500  ext=79.90  calc=80.95  drift=1.0485  "SPLITS WHOLE 1"
[backfill]   RECONCILIATION:
[backfill]     sum(extracted extended_price) = $115.08
[backfill]     stored total_amount           = $121.67
[backfill]     diff                          = $-6.59  (MISMATCH)

[backfill] ──── 0617cac8-1e1c-4811-b417-af62ce78c31f  (Kuna Foodservice #230540-00)  total=$165.76
[backfill]   url(raw): https://drive.google.com/file/d/1L5M4mWn89opGUzTotcH3S_a1c4xVAZh8/view?usp=drivesdk
[backfill]   downloaded 329003 bytes
[backfill]   pdf pages: 1  extracted: 1  type(s): image
[AI Scan] 0617cac8-1e1c-4811-b417-af62ce78c31f: Extracted 6 line items
[backfill]   PG ai_line_items rows: 6
[backfill]   Sheet AI_LINE_ITEMS "STL - MO" rows for uuid: 6
[backfill]   per-line arithmetic (|qty*unit - ext| <= 2%|ext| + 0.01):
[backfill]     L1  PASS  qty=2  unit=0.0000  ext=0.00  calc=0.00  drift=0.0000  "CILANTRO-BUNCHED ORGANIC"
[backfill]     L2  PASS  qty=1  unit=4.7000  ext=4.70  calc=4.70  drift=0.0000  "SPEC NO SPEC NO ORDERS & CROSS DOCK ITEMS VE NOT E"
[backfill]     L3  PASS  qty=12.7  unit=3.7000  ext=47.02  calc=46.99  drift=0.0300  "GINGER ROOT CHINA"
[backfill]     L4  PASS  qty=0  unit=152.0600  ext=0.00  calc=0.00  drift=0.0000  "GRAND TOTAL"
[backfill]     L5  PASS  qty=0  unit=152.0500  ext=0.00  calc=0.00  drift=0.0000  "SPLITS"
[backfill]     L6  PASS  qty=150.06  unit=0.0000  ext=0.00  calc=0.00  drift=0.0000  "MOODY"
[backfill]   RECONCILIATION:
[backfill]     sum(extracted extended_price) = $51.72
[backfill]     stored total_amount           = $165.76
[backfill]     diff                          = $-114.04  (MISMATCH)

[backfill] ──── 683080be-1062-4b07-89c7-fdb0f77c56c1  (Kuna Foodservice #229838-00)  total=$196.12
[backfill]   url(raw): https://drive.google.com/file/d/1t-H7tKhPZ1tJ5d-eBsSp9JBAfzYWBfXC/view?usp=drivesdk
[backfill]   downloaded 310009 bytes
[backfill]   pdf pages: 1  extracted: 1  type(s): image
[AI Scan] 683080be-1062-4b07-89c7-fdb0f77c56c1: Extracted 5 line items
[backfill]   PG ai_line_items rows: 5
[backfill]   Sheet AI_LINE_ITEMS "STL - MO" rows for uuid: 5
[backfill]   per-line arithmetic (|qty*unit - ext| <= 2%|ext| + 0.01):
[backfill]     L1  PASS  qty=2  unit=99.9400  ext=199.88  calc=199.88  drift=0.0000  "CHEESE SPECIALTY"
[backfill]     L2  PASS  qty=3  unit=81.5000  ext=244.50  calc=244.50  drift=0.0000  "CITTERS HERR M/O 190/2.5# RESI"
[backfill]     L3  PASS  qty=2  unit=259.0000  ext=518.00  calc=518.00  drift=0.0000  "TOLL JERSEY JOULL"
[backfill]     L4  HOLD  qty=4  unit=18.5000  ext=81.63  calc=74.00  drift=7.6300  "TCS = 81 =>>>> 18.90 /8.50 2-0=1"
[backfill]     L5  PASS  qty=2  unit=28.0000  ext=56.00  calc=56.00  drift=0.0000  "WORLD"
[backfill]   RECONCILIATION:
[backfill]     sum(extracted extended_price) = $1100.01
[backfill]     stored total_amount           = $196.12
[backfill]     diff                          = $903.89  (MISMATCH)

[backfill] ──── cf557a8c-2196-409e-a596-5cc81cf32e44  (Fortune Fish & Gourmet #361359-26-06)  total=$310.75
[backfill]   url(raw): https://drive.google.com/file/d/104pMNEkaPFivrwqroB8o2VW8KYD5dRka/view?usp=drivesdk
[backfill]   downloaded 367795 bytes
[backfill]   pdf pages: 1  extracted: 1  type(s): image
[AI Scan] cf557a8c-2196-409e-a596-5cc81cf32e44: Extracted 4 line items
[backfill]   PG ai_line_items rows: 4
[backfill]   Sheet AI_LINE_ITEMS "STL - MO" rows for uuid: 4
[backfill]   per-line arithmetic (|qty*unit - ext| <= 2%|ext| + 0.01):
[backfill]     L1  PASS  qty=20  unit=2.9900  ext=59.80  calc=59.80  drift=0.0000  "20 lb. Plastic Tubs & Lids"
[backfill]     L2  PASS  qty=1  unit=57.9900  ext=57.99  calc=57.99  drift=0.0000  "Black&Wh Sesame Dinner Roll CS"
[backfill]     L3  PASS  qty=4  unit=46.9900  ext=187.96  calc=187.96  drift=0.0000  "OIL OLIVE EV PARTANNA 3Liter"
[backfill]     L4  PASS  qty=1  unit=5.0000  ext=5.00  calc=5.00  drift=0.0000  "Global Fuel Surcharge"
[backfill]   RECONCILIATION:
[backfill]     sum(extracted extended_price) = $310.75
[backfill]     stored total_amount           = $310.75
[backfill]     diff                          = $0.00  (MATCH within tol)

[backfill] ──── 4da7cc42-dc7b-4da4-82ee-333b08c35f5f  (What Chefs Want #12624433)  total=$111.98
[backfill]   url(raw): https://drive.google.com/file/d/1oMpvok_JgBJyIFhS0VN2xISlxMUw17zn/view?usp=drivesdk
[backfill]   downloaded 299826 bytes
[backfill]   pdf pages: 1  extracted: 1  type(s): image
[AI Scan] 4da7cc42-dc7b-4da4-82ee-333b08c35f5f: Extracted 4 line items
[backfill]   PG ai_line_items rows: 4
[backfill]   Sheet AI_LINE_ITEMS "STL - MO" rows for uuid: 4
[backfill]   per-line arithmetic (|qty*unit - ext| <= 2%|ext| + 0.01):
[backfill]     L1  PASS  qty=5  unit=7.3000  ext=37.23  calc=36.50  drift=0.7300  "ENDIVE - BELGIAN"
[backfill]     L2  PASS  qty=1  unit=13.8500  ext=13.85  calc=13.85  drift=0.0000  "COTTAGE CHEESE"
[backfill]     L3  PASS  qty=1  unit=15.7500  ext=15.75  calc=15.75  drift=0.0000  "SOUR CREAM"
[backfill]     L4  PASS  qty=1  unit=45.1500  ext=45.15  calc=45.15  drift=0.0000  "PEAS - SNOW"
[backfill]   RECONCILIATION:
[backfill]     sum(extracted extended_price) = $111.98
[backfill]     stored total_amount           = $111.98
[backfill]     diff                          = $-0.00  (MATCH within tol)

[backfill] ──── 5ddc3d13-2843-4f96-98b4-37806faa3a0b  (Rolling Lawn Farms #129722)  total=$34.92
[backfill]   url(raw): https://drive.google.com/file/d/1834jE2gtpLNiXpBTZwZ06YyrIU5Mw73o/view?usp=drivesdk
[backfill]   downloaded 323920 bytes
[backfill]   pdf pages: 1  extracted: 1  type(s): image
[AI Scan] 5ddc3d13-2843-4f96-98b4-37806faa3a0b: Extracted 2 line items
[backfill]   PG ai_line_items rows: 2
[backfill]   Sheet AI_LINE_ITEMS "STL - MO" rows for uuid: 2
[backfill]   per-line arithmetic (|qty*unit - ext| <= 2%|ext| + 0.01):
[backfill]     L1  PASS  qty=3  unit=4.9900  ext=14.97  calc=14.97  drift=0.0000  "Whole Milk - Gallon"
[backfill]     L2  PASS  qty=5  unit=3.9900  ext=19.95  calc=19.95  drift=0.0000  "Chocolate Milk - 64 oz."
[backfill]   RECONCILIATION:
[backfill]     sum(extracted extended_price) = $34.92
[backfill]     stored total_amount           = $34.92
[backfill]     diff                          = $0.00  (MATCH within tol)

[backfill] ──── a6e0c724-742a-49e0-b5a2-fd475dcfb72d  (What Chefs Want #12665906)  total=$905.07
[backfill]   url(raw): https://drive.google.com/file/d/1agbhoY-uOOdI3VS0-Vq9K0aHh49z0tyo/view?usp=drivesdk
[backfill]   downloaded 433995 bytes
[backfill]   pdf pages: 1  extracted: 1  type(s): image
[AI Scan] a6e0c724-742a-49e0-b5a2-fd475dcfb72d: Extracted 21 line items
[backfill]   PG ai_line_items rows: 21
[backfill]   Sheet AI_LINE_ITEMS "STL - MO" rows for uuid: 21
[backfill]   per-line arithmetic (|qty*unit - ext| <= 2%|ext| + 0.01):
[backfill]     L1  PASS  qty=2  unit=3.4000  ext=6.80  calc=6.80  drift=0.0000  "FENNEL BULB - ANISE PREM"
[backfill]     L2  HOLD  qty=2  unit=19.2000  ext=19.20  calc=38.40  drift=19.2000  "CILANTRO - MICRO"
[backfill]     L3  HOLD  qty=1  unit=24.7500  ext=18.30  calc=24.75  drift=6.4500  "GARLIC - PEELED IMPORTED"
[backfill]     L4  HOLD  qty=2  unit=9.1500  ext=22.40  calc=18.30  drift=4.1000  "GRAPES - RED SEEDLESS"
[backfill]     L5  HOLD  qty=2  unit=11.2000  ext=19.00  calc=22.40  drift=3.4000  "GRAPES - GREEN SEEDLESS"
[backfill]     L6  HOLD  qty=2  unit=19.0000  ext=11.10  calc=38.00  drift=26.9000  "BROCCOLI - FLORETS"
[backfill]     L7  HOLD  qty=1  unit=5.5500  ext=16.00  calc=5.55  drift=10.4500  "BUTTERMILK - WHOLE FAT"
[backfill]     L8  HOLD  qty=2  unit=16.0000  ext=16.80  calc=32.00  drift=15.2000  "SPICE - POPPY SEED"
[backfill]     L9  PASS  qty=1  unit=8.4000  ext=8.40  calc=8.40  drift=0.0000  "SAUERKRAUT - OLD FASHIONED"
[backfill]     L10  HOLD  qty=2  unit=23.7000  ext=23.70  calc=47.40  drift=23.7000  "PINEAPPLE - GOLDEN RIPE"
[backfill]     L11  PASS  qty=1  unit=20.1500  ext=20.15  calc=20.15  drift=0.0000  "ARUGULA - ORG"
[backfill]     L12  PASS  qty=1  unit=16.7000  ext=16.70  calc=16.70  drift=0.0000  "BANANAS"
[backfill]     L13  PASS  qty=1  unit=42.1500  ext=42.15  calc=42.15  drift=0.0000  "PEPPERS - RED BELL"
[backfill]     L14  PASS  qty=1  unit=42.1500  ext=42.15  calc=42.15  drift=0.0000  "POTATO - YUKON CHEF BAKER"
[backfill]     L15  HOLD  qty=1  unit=28.9500  ext=57.90  calc=28.95  drift=28.9500  "YOGURT - GREEK CHOBANI STRAWBE"
[backfill]     L16  PASS  qty=2  unit=82.7000  ext=165.40  calc=165.40  drift=0.0000  "EGGS - KY NONGMO PASTURE RAISE"
[backfill]     L17  HOLD  qty=2  unit=56.1500  ext=56.15  calc=112.30  drift=56.1500  "EGGS - HARD BOILED PEELED"
[backfill]     L18  PASS  qty=1  unit=114.9000  ext=114.90  calc=114.90  drift=0.0000  "BUTTER - CLARIFIED PLUGRA UNSL"
[backfill]     L19  PASS  qty=1  unit=33.7000  ext=33.70  calc=33.70  drift=0.0000  "TORTILLA - FLOUR MJA 12""
[backfill]     L20  PASS  qty=1  unit=62.4500  ext=62.45  calc=62.45  drift=0.0000  "BREAD CRUMBS - PANKO COARSE"
[backfill]     L21  PASS  qty=1  unit=83.1500  ext=83.15  calc=83.15  drift=0.0000  "PAN LINER/ PARCHMENT FULL SHEE"
[backfill]   RECONCILIATION:
[backfill]     sum(extracted extended_price) = $856.50
[backfill]     stored total_amount           = $905.07
[backfill]     diff                          = $-48.57  (MISMATCH)

[backfill] ──── 16f004de-0827-4ee9-8a88-7b53a66b254b  (What Chefs Want #12651658)  total=$193.40
[backfill]   url(raw): https://drive.google.com/file/d/1BTK3WldS5Ej9VculWMiEcExv5J1Myl96/view?usp=drivesdk
[backfill]   downloaded 364773 bytes
[backfill]   pdf pages: 1  extracted: 1  type(s): image
[AI Scan] 16f004de-0827-4ee9-8a88-7b53a66b254b: Extracted 2 line items
[backfill]   PG ai_line_items rows: 2
[backfill]   Sheet AI_LINE_ITEMS "STL - MO" rows for uuid: 2
[backfill]   per-line arithmetic (|qty*unit - ext| <= 2%|ext| + 0.01):
[backfill]     L1  PASS  qty=12.55  unit=12.9000  ext=161.90  calc=161.90  drift=0.0050  "BEEF - PASTRAMI BLACK HAWK"
[backfill]     L2  PASS  qty=1  unit=31.5000  ext=31.50  calc=31.50  drift=0.0000  "MUSHROOMS - SHIITAKE CAPS"
[backfill]   RECONCILIATION:
[backfill]     sum(extracted extended_price) = $193.40
[backfill]     stored total_amount           = $193.40
[backfill]     diff                          = $0.00  (MATCH within tol)

[backfill] ──── e6ac294a-2613-4275-9b50-3908d6a87e9f  (Rolling Lawn Farms #129847)  total=$108.56
[backfill]   url(raw): https://drive.google.com/file/d/1dJxOM-3806LqmTiZG89AV9T77OKjHf4Q/view?usp=drivesdk
[backfill]   downloaded 323602 bytes
[backfill]   pdf pages: 1  extracted: 1  type(s): image
[AI Scan] e6ac294a-2613-4275-9b50-3908d6a87e9f: Extracted 5 line items
[backfill]   PG ai_line_items rows: 5
[backfill]   Sheet AI_LINE_ITEMS "STL - MO" rows for uuid: 5
[backfill]   per-line arithmetic (|qty*unit - ext| <= 2%|ext| + 0.01):
[backfill]     L1  PASS  qty=3  unit=4.4600  ext=13.38  calc=13.38  drift=0.0000  "Half & Half - 32 oz."
[backfill]     L2  PASS  qty=6  unit=3.9900  ext=23.94  calc=23.94  drift=0.0000  "Chocolate Milk - 64 oz."
[backfill]     L3  PASS  qty=2  unit=3.1300  ext=6.26  calc=6.26  drift=0.0000  "Whole Milk - 64 oz."
[backfill]     L4  PASS  qty=2  unit=3.1300  ext=6.26  calc=6.26  drift=0.0000  "2% Milk - 64 oz."
[backfill]     L5  PASS  qty=8  unit=7.3400  ext=58.72  calc=58.72  drift=0.0000  "Heavy Cream - 32 oz."
[backfill]   RECONCILIATION:
[backfill]     sum(extracted extended_price) = $108.56
[backfill]     stored total_amount           = $108.56
[backfill]     diff                          = $0.00  (MATCH within tol)

[backfill] ──── 6fef98ae-56ca-4b35-949a-bb92d81852f1  (Kuna Foodservice #233659-00)  total=$3128.50
[backfill]   url(raw): https://drive.google.com/file/d/12OSHlLH1ZcIQ9iH7KWA5hzTcMNP-CJPO/view?usp=drivesdk
[backfill]   downloaded 1240894 bytes
[backfill]   pdf pages: 3  extracted: 3  type(s): image
[AI Scan] 6fef98ae-56ca-4b35-949a-bb92d81852f1: Extracted 10 line items
[backfill]   PG ai_line_items rows: 10
[backfill]   Sheet AI_LINE_ITEMS "STL - MO" rows for uuid: 10
[backfill]   per-line arithmetic (|qty*unit - ext| <= 2%|ext| + 0.01):
[backfill]     L1  PASS  qty=3.05  unit=5.8400  ext=17.81  calc=17.81  drift=0.0020  "ASPARAGUS SPEARS CULL LG FRESH 18 LB CARTON"
[backfill]     L2  PASS  qty=3.04  unit=20.5300  ext=62.41  calc=62.41  drift=0.0012  "BACON APPLEWOOD BULK C/4/3 LB"
[backfill]     L3  PASS  qty=2  unit=61.0600  ext=122.12  calc=122.12  drift=0.0000  "BEETS RED FRESH IT BU"
[backfill]     L4  PASS  qty=2  unit=50.5300  ext=101.06  calc=101.06  drift=0.0000  "BROCCOLI BULK C/#/4 LBG"
[backfill]     L5  PASS  qty=2  unit=47.7700  ext=95.54  calc=95.54  drift=0.0000  "BRUSSELS SPROUTS LG FRESH IT 4/3 # BG POLY"
[backfill]     L6  PASS  qty=2  unit=19.2700  ext=38.54  calc=38.54  drift=0.0000  "CARROTS CELLO 1 LB FRESH IT CELLO"
[backfill]     L7  PASS  qty=1  unit=47.7600  ext=47.76  calc=47.76  drift=0.0000  "CELERY CALIFORNIA 24 CT FRESH"
[backfill]     L8  PASS  qty=1  unit=52.0600  ext=52.06  calc=52.06  drift=0.0000  "CHEESE MILD CHEDDAR BLOCK 2/5# LB"
[backfill]     L9  PASS  qty=1  unit=50.6500  ext=50.65  calc=50.65  drift=0.0000  "CHEESE MILD CHEDDAR BLOCK 2/5# LB"
[backfill]     L10  PASS  qty=1  unit=58.6400  ext=58.64  calc=58.64  drift=0.0000  "EGGS LG FRH SZ 1 DZNG GR CRTNS 30 DZ CT"
[backfill]   RECONCILIATION:
[backfill]     sum(extracted extended_price) = $646.59
[backfill]     stored total_amount           = $3128.50
[backfill]     diff                          = $-2481.91  (MISMATCH)

[backfill] ──── 8e4e2fea-4581-49a3-9013-faadfb4f9705  (City Seafood #INV24892)  total=$1546.31
[backfill]   url(raw): https://drive.google.com/file/d/1yXDBTP-88Ug66ulIhdactUYNB-1yzDgZ/view?usp=drivesdk
[backfill]   downloaded 241402 bytes
[backfill]   pdf pages: 1  extracted: 1  type(s): image
[AI Scan] 8e4e2fea-4581-49a3-9013-faadfb4f9705: Extracted 9 line items
[backfill]   PG ai_line_items rows: 9
[backfill]   Sheet AI_LINE_ITEMS "STL - MO" rows for uuid: 9
[backfill]   per-line arithmetic (|qty*unit - ext| <= 2%|ext| + 0.01):
[backfill]     L1  PASS  qty=2  unit=18.9700  ext=37.93  calc=37.94  drift=0.0100  "LOBSTER BASE"
[backfill]     L2  PASS  qty=1  unit=20.8100  ext=20.81  calc=20.81  drift=0.0000  "SHRIMP BASE"
[backfill]     L3  PASS  qty=20  unit=8.0600  ext=161.20  calc=161.20  drift=0.0000  "SHP 16-20 RPTO CENSEA WH"
[backfill]     L4  PASS  qty=17.45  unit=13.9900  ext=244.13  calc=244.13  drift=0.0045  "SALMON FAROE ISL FLT 6-7 BO"
[backfill]     L5  PASS  qty=10  unit=28.9900  ext=289.90  calc=289.90  drift=0.0000  "HALIBUT FLT 100%"
[backfill]     L6  PASS  qty=10  unit=29.9900  ext=299.90  calc=299.90  drift=0.0000  "LOBSTER TL 7-8 OZ CAN"
[backfill]     L7  PASS  qty=100  unit=1.0400  ext=104.00  calc=104.00  drift=0.0000  "OYSTERS KATAMA BAY"
[backfill]     L8  PASS  qty=5  unit=41.7000  ext=208.50  calc=208.50  drift=0.0000  "CRABMEAT COL J LUMP P HAIKU"
[backfill]     L9  PASS  qty=6  unit=29.9900  ext=179.94  calc=179.94  drift=0.0000  "JONAH CRAB CLAWS 12-16 CT"
[backfill]   RECONCILIATION:
[backfill]     sum(extracted extended_price) = $1546.31
[backfill]     stored total_amount           = $1546.31
[backfill]     diff                          = $0.00  (MATCH within tol)

[backfill] ──── 0fb8c542-23f5-4904-9544-b0fc04615cbc  (What Chefs Want #12659589)  total=$2696.33
[backfill]   url(raw): https://drive.google.com/file/d/1xrIRct_1hs3MZwPU-RdI6yopQv_--gWl/view?usp=drivesdk
[backfill]   downloaded 1190423 bytes
[backfill]   pdf pages: 3  extracted: 3  type(s): image
[AI Scan] 0fb8c542-23f5-4904-9544-b0fc04615cbc: Extracted 67 line items
[backfill]   PG ai_line_items rows: 67
[backfill]   Sheet AI_LINE_ITEMS "STL - MO" rows for uuid: 67
[backfill]   per-line arithmetic (|qty*unit - ext| <= 2%|ext| + 0.01):
[backfill]     L1  PASS  qty=6.1  unit=3.3000  ext=20.16  calc=20.13  drift=0.0300  "CHEESE - MUENSTER"
[backfill]     L2  PASS  qty=2  unit=14.9000  ext=29.80  calc=29.80  drift=0.0000  "POTATO - FINGERLING WHITE"
[backfill]     L3  PASS  qty=2  unit=5.7500  ext=11.50  calc=11.50  drift=0.0000  "POTATO - RED B SIZE"
[backfill]     L4  PASS  qty=2  unit=4.2000  ext=8.40  calc=8.40  drift=0.0000  "PEPPERS - JALAPENO"
[backfill]     L5  PASS  qty=1  unit=24.2000  ext=24.20  calc=24.20  drift=0.0000  "SHALLOTS - PEELED"
[backfill]     L6  PASS  qty=1  unit=35.4500  ext=35.45  calc=35.45  drift=0.0000  "ONIONS - PEARL RED PEELED"
[backfill]     L7  PASS  qty=1  unit=8.6000  ext=8.60  calc=8.60  drift=0.0000  "CARROT - MATCHSTICK"
[backfill]     L8  PASS  qty=1  unit=14.2000  ext=14.20  calc=14.20  drift=0.0000  "SQUASH - ZUCCHINI"
[backfill]     L9  PASS  qty=1  unit=15.9000  ext=15.90  calc=15.90  drift=0.0000  "SQUASH - YELLOW"
[backfill]     L10  PASS  qty=1  unit=15.9000  ext=15.90  calc=15.90  drift=0.0000  "ONIONS - GREEN ICELESS"
[backfill]     L11  PASS  qty=1  unit=17.2500  ext=17.25  calc=17.25  drift=0.0000  "HERB - CHIVES FRESH"
[backfill]     L12  PASS  qty=2  unit=3.3500  ext=6.70  calc=6.70  drift=0.0000  "RADISH - RED"
[backfill]     L13  PASS  qty=4  unit=4.4000  ext=17.60  calc=17.60  drift=0.0000  "LETTUCE - ICEBERG"
[backfill]     L14  PASS  qty=2  unit=7.6000  ext=15.20  calc=15.20  drift=0.0000  "LEMONS"
[backfill]     L15  PASS  qty=2  unit=12.7500  ext=25.50  calc=25.50  drift=0.0000  "LIMES"
[backfill]     L16  PASS  qty=2  unit=8.1000  ext=16.20  calc=16.20  drift=0.0000  "ORANGES"
[backfill]     L17  PASS  qty=2  unit=15.7500  ext=31.50  calc=31.50  drift=0.0000  "SOUR CREAM"
[backfill]     L18  PASS  qty=2  unit=14.3500  ext=28.70  calc=28.70  drift=0.0000  "COTTAGE CHEESE"
[backfill]     L19  PASS  qty=2  unit=12.3000  ext=24.60  calc=24.60  drift=0.0000  "CREAM CHEESE"
[backfill]     L20  PASS  qty=2  unit=14.7000  ext=29.40  calc=29.40  drift=0.0000  "PEACHES - DICED XL'S CANNED"
[backfill]     L21  PASS  qty=2  unit=13.5500  ext=27.10  calc=27.10  drift=0.0000  "TOMATO - IV SEMI DRIED"
[backfill]     L22  PASS  qty=2  unit=30.1000  ext=60.20  calc=60.20  drift=0.0000  "HONEY - AMBER BULK"
[backfill]     L23  PASS  qty=1  unit=84.6000  ext=84.60  calc=84.60  drift=0.0000  "SYRUP - MAPLE GRADE A"
[backfill]     L24  PASS  qty=4  unit=7.5500  ext=30.20  calc=30.20  drift=0.0000  "JUICE - LIME FRESH NATALIE'S"
[backfill]     L25  PASS  qty=2  unit=6.3500  ext=12.70  calc=12.70  drift=0.0000  "SUGAR - GRANULATED FINE 4 LB"
[backfill]     L26  PASS  qty=2  unit=3.5500  ext=7.10  calc=7.10  drift=0.0000  "TOFU - FIRM ILLINOIS"
[backfill]     L27  PASS  qty=2  unit=7.8500  ext=15.70  calc=15.70  drift=0.0000  "CORNBREAD MIX - YELLOW WEISEN"
[backfill]     L28  PASS  qty=1  unit=38.1000  ext=38.10  calc=38.10  drift=0.0000  "VINEGAR - CLOVIS CHAMPAGNE"
[backfill]     L29  PASS  qty=1  unit=15.3500  ext=15.35  calc=15.35  drift=0.0000  "VINEGAR - RICE SEASONED"
[backfill]     L30  PASS  qty=1  unit=14.3500  ext=14.35  calc=14.35  drift=0.0000  "POTATO STARCH"
[backfill]     L31  PASS  qty=1  unit=35.5300  ext=35.53  calc=35.53  drift=0.0000  "TRUFFLE - CANNED PEELINGS"
[backfill]     L32  HOLD  qty=6  unit=3.2500  ext=20.10  calc=19.50  drift=0.6000  "TAPIOCA STARCH"
[backfill]     L33  PASS  qty=2  unit=10.3500  ext=20.70  calc=20.70  drift=0.0000  "PANCAKE MIX - BUTTERMILK"
[backfill]     L34  PASS  qty=2  unit=8.4000  ext=16.80  calc=16.80  drift=0.0000  "SPICE - BOTTOMLAND BBQ BOSSY OA"
[backfill]     L35  PASS  qty=1  unit=39.3500  ext=39.35  calc=39.35  drift=0.0000  "MUSHROOM - POWDER PORCINI"
[backfill]     L36  PASS  qty=1  unit=12.5500  ext=12.55  calc=12.55  drift=0.0000  "BAMBOO - SHOOTS STRIPPED"
[backfill]     L37  PASS  qty=1  unit=50.7000  ext=50.70  calc=50.70  drift=0.0000  "AVOCADO - #1 BREAKING"
[backfill]     L38  PASS  qty=1  unit=22.7000  ext=22.70  calc=22.70  drift=0.0000  "MANGO - LARGE"
[backfill]     L39  PASS  qty=1  unit=61.7000  ext=61.70  calc=61.70  drift=0.0000  "TOMATO - CHERRY/HEIRLOOM"
[backfill]     L40  PASS  qty=1  unit=72.7000  ext=72.70  calc=72.70  drift=0.0000  "TOMATO - 5X6"
[backfill]     L41  PASS  qty=1  unit=42.1500  ext=42.15  calc=42.15  drift=0.0000  "PEPPERS - RED BELL"
[backfill]     L42  PASS  qty=1  unit=32.1500  ext=32.15  calc=32.15  drift=0.0000  "PEPPERS - POBLANO"
[backfill]     L43  PASS  qty=1  unit=26.7000  ext=26.70  calc=26.70  drift=0.0000  "ONIONS - RED JUMBO PREMIUM"
[backfill]     L44  PASS  qty=1  unit=77.7000  ext=77.70  calc=77.70  drift=0.0000  "LETTUCE - ROMAINE HEARTS"
[backfill]     L45  PASS  qty=1  unit=29.1500  ext=29.15  calc=29.15  drift=0.0000  "SPRING MIX - ORGANIC SWEET"
[backfill]     L46  PASS  qty=1  unit=25.7000  ext=25.70  calc=25.70  drift=0.0000  "MELON - HONEYDEW"
[backfill]     L47  PASS  qty=1  unit=31.7000  ext=31.70  calc=31.70  drift=0.0000  "MELON - CANTALOUPE"
[backfill]     L48  PASS  qty=1  unit=21.7000  ext=21.70  calc=21.70  drift=0.0000  "CUCUMBERS - SEEDLESS ENGLISH"
[backfill]     L49  PASS  qty=1  unit=31.7000  ext=31.70  calc=31.70  drift=0.0000  "SPINACH - FLAT LEAF"
[backfill]     L50  PASS  qty=1  unit=29.1500  ext=29.15  calc=29.15  drift=0.0000  "CARROT - LOOSE"
[backfill]     L51  PASS  qty=1  unit=56.1500  ext=56.15  calc=56.15  drift=0.0000  "BROCCOLI - FLORETS"
[backfill]     L52  PASS  qty=1  unit=55.7000  ext=55.70  calc=55.70  drift=0.0000  "BROCCOLINI - BABY BROCCOLI"
[backfill]     L53  PASS  qty=1  unit=30.5000  ext=30.50  calc=30.50  drift=0.0000  "MUSHROOMS - CRIMINI WHOLE"
[backfill]     L54  PASS  qty=1  unit=26.5000  ext=26.50  calc=26.50  drift=0.0000  "MUSHROOMS - OYSTER"
[backfill]     L55  PASS  qty=1  unit=46.1500  ext=46.15  calc=46.15  drift=0.0000  "CAULIFLOWER - BABY FLORENTINO"
[backfill]     L56  PASS  qty=1  unit=27.7000  ext=27.70  calc=27.70  drift=0.0000  "CORN - BI COLOR"
[backfill]     L57  PASS  qty=3  unit=96.3000  ext=288.90  calc=288.90  drift=0.0000  "BEEF - PATTIES 4OZ BLACK HAWK"
[backfill]     L58  PASS  qty=1  unit=65.7000  ext=65.70  calc=65.70  drift=0.0000  "BEANS - BLACK CANNED"
[backfill]     L59  PASS  qty=1  unit=49.7000  ext=49.70  calc=49.70  drift=0.0000  "TOMATO - IV DICED ITALIAN"
[backfill]     L60  PASS  qty=1  unit=103.2900  ext=103.29  calc=103.29  drift=0.0000  "HONEY - CLOVER HONEY"
[backfill]     L61  PASS  qty=1  unit=55.1500  ext=55.15  calc=55.15  drift=0.0000  "RICE - PARBOILED LONG GRN CA50"
[backfill]     L62  PASS  qty=1  unit=41.4500  ext=41.45  calc=41.45  drift=0.0000  "JUICE - LEMON FRESH NATALIE'S"
[backfill]     L63  PASS  qty=1  unit=121.9500  ext=121.95  calc=121.95  drift=0.0000  "DEMI GLACE - DE POULET CHICKEN"
[backfill]     L64  PASS  qty=2  unit=36.9500  ext=73.90  calc=73.90  drift=0.0000  "RICE - SUSHI NISHIKI"
[backfill]     L65  PASS  qty=2  unit=13.4500  ext=26.90  calc=26.90  drift=0.0000  "WRAPPERS - WONTON FROZEN"
[backfill]     L66  PASS  qty=1  unit=176.2000  ext=176.20  calc=176.20  drift=0.0000  "BONEWERKS VEAL DEMI REDUCTION"
[backfill]     L67  PASS  qty=1  unit=47.7000  ext=47.70  calc=47.70  drift=0.0000  "DAWN ULTRA DISH SOAP"
[backfill]   RECONCILIATION:
[backfill]     sum(extracted extended_price) = $2696.33
[backfill]     stored total_amount           = $2696.33
[backfill]     diff                          = $0.00  (MATCH within tol)

[backfill] ──── c7a5fe3c-6329-4efe-b4e6-74ceebba3d95  (Fortune Fish & Gourmet #364345-26-06)  total=$100.02
[backfill]   url(raw): https://drive.google.com/file/d/1zmK6eM3zVKw0I05Uspw52RY5RuVgJxB6/view?usp=drivesdk
[backfill]   downloaded 290189 bytes
[backfill]   pdf pages: 1  extracted: 1  type(s): image
[AI Scan] c7a5fe3c-6329-4efe-b4e6-74ceebba3d95: Extracted 1 line items
[backfill]   PG ai_line_items rows: 1
[backfill]   Sheet AI_LINE_ITEMS "STL - MO" rows for uuid: 1
[backfill]   per-line arithmetic (|qty*unit - ext| <= 2%|ext| + 0.01):
[backfill]     L1  PASS  qty=11.51  unit=8.6900  ext=100.02  calc=100.02  drift=0.0019  "NUESKE Boneless WHOLE Ham 11# **Applewood Smoked"
[backfill]   RECONCILIATION:
[backfill]     sum(extracted extended_price) = $100.02
[backfill]     stored total_amount           = $100.02
[backfill]     diff                          = $0.00  (MATCH within tol)

[backfill] ──── 00a24a19-ca45-490f-96b6-e8f00209b057  (Fortune Fish & Gourmet #364341-26-06)  total=$286.89
[backfill]   url(raw): https://drive.google.com/file/d/1vC99DRQFtV2DwKj2ybd1S69MIrrxHe2_/view?usp=drivesdk
[backfill]   downloaded 419304 bytes
[backfill]   pdf pages: 1  extracted: 1  type(s): image
[AI Scan] 00a24a19-ca45-490f-96b6-e8f00209b057: Extracted 3 line items
[backfill]   PG ai_line_items rows: 3
[backfill]   Sheet AI_LINE_ITEMS "STL - MO" rows for uuid: 3
[backfill]   per-line arithmetic (|qty*unit - ext| <= 2%|ext| + 0.01):
[backfill]     L1  PASS  qty=1  unit=172.9900  ext=172.99  calc=172.99  drift=0.0000  "1/15 SHRIMP P&D TAIL ON IQF **4X5# PORT EADS USA H"
[backfill]     L2  PASS  qty=10  unit=10.8900  ext=108.90  calc=108.90  drift=0.0000  "NUESKE Sliced Bacon 12-14 10# **Applewood Smoked 2"
[backfill]     L3  PASS  qty=1  unit=5.0000  ext=5.00  calc=5.00  drift=0.0000  "Global Fuel Surcharge"
[backfill]   RECONCILIATION:
[backfill]     sum(extracted extended_price) = $286.89
[backfill]     stored total_amount           = $286.89
[backfill]     diff                          = $0.00  (MATCH within tol)

[backfill] ──── 8e727de5-636d-4491-ab45-cec5a3637051  (Fortune Fish & Gourmet #363907-26-06)  total=$165.93
[backfill]   url(raw): https://drive.google.com/file/d/1vWe1HCpixOOafrdyZMxOnqM6ttjRYcQd/view?usp=drivesdk
[backfill]   downloaded 334362 bytes
[backfill]   pdf pages: 1  extracted: 1  type(s): image
[AI Scan] 8e727de5-636d-4491-ab45-cec5a3637051: Extracted 2 line items
[backfill]   PG ai_line_items rows: 2
[backfill]   Sheet AI_LINE_ITEMS "STL - MO" rows for uuid: 2
[backfill]   per-line arithmetic (|qty*unit - ext| <= 2%|ext| + 0.01):
[backfill]     L1  PASS  qty=6  unit=19.9900  ext=119.94  calc=119.94  drift=0.0000  "Cibo Sliced Prosciutto 6x1#"
[backfill]     L2  PASS  qty=1  unit=40.9900  ext=40.99  calc=40.99  drift=0.0000  "Sfoglini Cavatelli 10# Bulk **Organic"
[backfill]   RECONCILIATION:
[backfill]     sum(extracted extended_price) = $160.93
[backfill]     stored total_amount           = $165.93
[backfill]     diff                          = $-5.00  (MISMATCH)

[backfill] ──── 858fc18f-d04e-4f41-b047-ca678b75b9a8  (Fortune Fish & Gourmet #363908-26-06)  total=$208.14
[backfill]   url(raw): https://drive.google.com/file/d/120CvMVo1YfEJTI-4Rm2DrYAf1xPgbyV7/view?usp=drivesdk
[backfill]   downloaded 324148 bytes
[backfill]   pdf pages: 1  extracted: 1  type(s): image
[AI Scan] 858fc18f-d04e-4f41-b047-ca678b75b9a8: Extracted 4 line items
[backfill]   PG ai_line_items rows: 4
[backfill]   Sheet AI_LINE_ITEMS "STL - MO" rows for uuid: 4
[backfill]   per-line arithmetic (|qty*unit - ext| <= 2%|ext| + 0.01):
[backfill]     L1  PASS  qty=1  unit=29.9900  ext=29.99  calc=29.99  drift=0.0000  "Sfoglini Radiators Semo 16oz *Organic 6/cs"
[backfill]     L2  PASS  qty=1  unit=20.4900  ext=20.49  calc=20.49  drift=0.0000  "FRESH GLUTEN FREE FUSILLI 9oz **TASTE REPUBLIC 6/9"
[backfill]     L3  PASS  qty=12.16  unit=8.6900  ext=105.67  calc=105.67  drift=0.0004  "NUESRE Boneless WHOLE Ham 11# **Applewood Smoked"
[backfill]     L4  PASS  qty=1  unit=51.9900  ext=51.99  calc=51.99  drift=0.0000  "Hamburger Bun 90/3oz Cs **Item#1909 3D Baking"
[backfill]   RECONCILIATION:
[backfill]     sum(extracted extended_price) = $208.14
[backfill]     stored total_amount           = $208.14
[backfill]     diff                          = $0.00  (MATCH within tol)

[backfill] ──── 9863f939-5c9d-4bf0-8d3a-918c22b7a1c8  (Kuna Foodservice #236964-00)  total=$120.09
[backfill]   url(raw): https://drive.google.com/file/d/1LHvAeR_GCCtjVw0XqjKJWQ0EvVnIWE4U/view?usp=drivesdk
[backfill]   downloaded 382328 bytes
[backfill]   pdf pages: 1  extracted: 1  type(s): image
[AI Scan] 9863f939-5c9d-4bf0-8d3a-918c22b7a1c8: Extracted 4 line items
[backfill]   PG ai_line_items rows: 4
[backfill]   Sheet AI_LINE_ITEMS "STL - MO" rows for uuid: 4
[backfill]   per-line arithmetic (|qty*unit - ext| <= 2%|ext| + 0.01):
[backfill]     L1  PASS  qty=3  unit=99.5900  ext=298.77  calc=298.77  drift=0.0000  "SPECIAL INVENTORY SPLIT CS9"
[backfill]     L2  PASS  qty=2  unit=1.2500  ext=2.50  calc=2.50  drift=0.0000  "MAJOR CATEGORY SUMMARY"
[backfill]     L3  HOLD  qty=0  unit=115.5000  ext=115.50  calc=0.00  drift=115.5000  "SPLITS"
[backfill]     L4  HOLD  qty=0  unit=0.0000  ext=113.98  calc=0.00  drift=113.9800  "GRAND TOTAL"
[backfill]   RECONCILIATION:
[backfill]     sum(extracted extended_price) = $530.75
[backfill]     stored total_amount           = $120.09
[backfill]     diff                          = $410.66  (MISMATCH)

[backfill] ──── 2d9f8b1a-003f-46a1-b4c5-403b87805099  (Kuna Foodservice #236748-00)  total=$394.21
[backfill]   url(raw): https://drive.google.com/file/d/1p1DQVThz9lJYtino9tK7EQbinnWHptNH/view?usp=drivesdk
[backfill]   downloaded 376048 bytes
[backfill]   pdf pages: 1  extracted: 1  type(s): image
[AI Scan] 2d9f8b1a-003f-46a1-b4c5-403b87805099: Extracted 7 line items
[backfill]   PG ai_line_items rows: 7
[backfill]   Sheet AI_LINE_ITEMS "STL - MO" rows for uuid: 7
[backfill]   per-line arithmetic (|qty*unit - ext| <= 2%|ext| + 0.01):
[backfill]     L1  PASS  qty=1  unit=12.6200  ext=12.62  calc=12.62  drift=0.0000  "RED CHILI"
[backfill]     L2  PASS  qty=3  unit=57.2500  ext=171.75  calc=171.75  drift=0.0000  "RED BELL PEPPERS"
[backfill]     L3  PASS  qty=1  unit=3.5900  ext=3.59  calc=3.59  drift=0.0000  "PORK CHOPS"
[backfill]     L4  PASS  qty=1  unit=21.1600  ext=21.16  calc=21.16  drift=0.0000  "GROUND TURKEY"
[backfill]     L5  PASS  qty=1  unit=12.1800  ext=12.18  calc=12.18  drift=0.0000  "BEER"
[backfill]     L6  PASS  qty=1  unit=21.1600  ext=21.16  calc=21.16  drift=0.0000  "SPLITS"
[backfill]     L7  HOLD  qty=11.1  unit=0.0000  ext=30.50  calc=0.00  drift=30.5000  "AMOUNT"
[backfill]   RECONCILIATION:
[backfill]     sum(extracted extended_price) = $272.96
[backfill]     stored total_amount           = $394.21
[backfill]     diff                          = $-121.25  (MISMATCH)

[backfill] ──── ffbdf8a4-0c1a-4414-a6d7-f75b64e9ab16  (Kuna Foodservice #236069-00)  total=$115.03
[backfill]   url(raw): https://drive.google.com/file/d/1wsEt2T7HszUrJOlTLVCsBheEx6JcSpCe/view?usp=drivesdk
[backfill]   downloaded 409496 bytes
[backfill]   pdf pages: 1  extracted: 1  type(s): image
[AI Scan] ffbdf8a4-0c1a-4414-a6d7-f75b64e9ab16: Extracted 2 line items
[backfill]   PG ai_line_items rows: 2
[backfill]   Sheet AI_LINE_ITEMS "STL - MO" rows for uuid: 2
[backfill]   per-line arithmetic (|qty*unit - ext| <= 2%|ext| + 0.01):
[backfill]     L1  PASS  qty=1  unit=106.5400  ext=106.54  calc=106.54  drift=0.0000  "SPLIT ORGANIC PEAS 6/2.75# TILL B8"
[backfill]     L2  PASS  qty=0  unit=0.0000  ext=0.00  calc=0.00  drift=0.0000  "GRAND TOTAL"
[backfill]   RECONCILIATION:
[backfill]     sum(extracted extended_price) = $106.54
[backfill]     stored total_amount           = $115.03
[backfill]     diff                          = $-8.49  (MISMATCH)

[backfill] ──── a0230b87-8da6-4e16-b4e8-818d59b7dd1a  (Kuna Foodservice #235953-00)  total=$936.68
[backfill]   url(raw): https://drive.google.com/file/d/1XHzPQAM6lJmNhCEjAcfJ9pb8rojrFaFl/view?usp=drivesdk
[backfill]   downloaded 351292 bytes
[backfill]   pdf pages: 1  extracted: 1  type(s): image
[AI Scan] a0230b87-8da6-4e16-b4e8-818d59b7dd1a: Extracted 5 line items
[backfill]   PG ai_line_items rows: 5
[backfill]   Sheet AI_LINE_ITEMS "STL - MO" rows for uuid: 5
[backfill]   per-line arithmetic (|qty*unit - ext| <= 2%|ext| + 0.01):
[backfill]     L1  PASS  qty=2  unit=0.0000  ext=0.00  calc=0.00  drift=0.0000  "PIZZA"
[backfill]     L2  PASS  qty=2  unit=0.0000  ext=0.00  calc=0.00  drift=0.0000  "WEST CUTCHERY"
[backfill]     L3  PASS  qty=0  unit=0.0000  ext=0.00  calc=0.00  drift=0.0000  "DESERT/ORGANIC DESERT/ORGANIC"
[backfill]     L4  HOLD  qty=0  unit=39.9500  ext=39.95  calc=0.00  drift=39.9500  "SPLITS"
[backfill]     L5  HOLD  qty=0  unit=0.0000  ext=585.63  calc=0.00  drift=585.6300  "GROUND VEAL"
[backfill]   RECONCILIATION:
[backfill]     sum(extracted extended_price) = $625.58
[backfill]     stored total_amount           = $936.68
[backfill]     diff                          = $-311.10  (MISMATCH)

[backfill] ──── 3168806c-06fb-40e0-80b9-a6e7356221f1  (Kuna Foodservice #236201-00)  total=$54.29
[backfill]   url(raw): https://drive.google.com/file/d/1yPL4F7Cmad3Lko7zYS-yY4U6QUNcKV1x/view?usp=drivesdk
[backfill]   downloaded 403373 bytes
[backfill]   pdf pages: 1  extracted: 1  type(s): image
[AI Scan] 3168806c-06fb-40e0-80b9-a6e7356221f1: Extracted 1 line items
[backfill]   PG ai_line_items rows: 1
[backfill]   Sheet AI_LINE_ITEMS "STL - MO" rows for uuid: 1
[backfill]   per-line arithmetic (|qty*unit - ext| <= 2%|ext| + 0.01):
[backfill]     L1  PASS  qty=1  unit=51.3500  ext=51.35  calc=51.35  drift=0.0000  "MAJOR CATEGORY SUMMARY"
[backfill]   RECONCILIATION:
[backfill]     sum(extracted extended_price) = $51.35
[backfill]     stored total_amount           = $54.29
[backfill]     diff                          = $-2.94  (MISMATCH)

[backfill] ──── f4d4eb56-a1dd-410f-aa47-e4090fe5f4f8  (Truly Good Foods #25086205)  total=$1399.65
[backfill]   url(raw): https://drive.google.com/file/d/10KN3CnfTs4jmjMzAB7HBc0tky-xq4UVB/view?usp=drivesdk
[backfill]   downloaded 1056361 bytes
[backfill]   pdf pages: 3  extracted: 3  type(s): image
[AI Scan] f4d4eb56-a1dd-410f-aa47-e4090fe5f4f8: Extracted 34 line items
[backfill]   PG ai_line_items rows: 34
[backfill]   Sheet AI_LINE_ITEMS "STL - MO" rows for uuid: 34
[backfill]   per-line arithmetic (|qty*unit - ext| <= 2%|ext| + 0.01):
[backfill]     L1  PASS  qty=0  unit=44.2500  ext=0.00  calc=0.00  drift=0.0000  "STELLAR MINI PRETZEL BRAID SWEET & SPARKY 24/1.5 O"
[backfill]     L2  PASS  qty=4  unit=39.4900  ext=157.96  calc=157.96  drift=0.0000  "COOKIES OREO 4/10ct 1.59 OZ"
[backfill]     L3  PASS  qty=1  unit=26.6300  ext=26.63  calc=26.63  drift=0.0000  "CLIF BAR OATMEAL RAISIN WALNUT 12CT/ 2.4 OZ"
[backfill]     L4  PASS  qty=1  unit=23.5900  ext=23.59  calc=23.59  drift=0.0000  "RICE KRISPIES TREATS 60/.78OZ"
[backfill]     L5  PASS  qty=1  unit=35.2500  ext=35.25  calc=35.25  drift=0.0000  "LARA BAR, APPLE PIE 16 CT"
[backfill]     L6  PASS  qty=1  unit=35.2500  ext=35.25  calc=35.25  drift=0.0000  "LARA BAR, CHERRY PIE 16 CT"
[backfill]     L7  PASS  qty=1  unit=53.6900  ext=53.69  calc=53.69  drift=0.0000  "RIGHTEOUS FELON O.G. HICKORY BEEF JERKY 8/2 OZ"
[backfill]     L8  PASS  qty=1  unit=53.6900  ext=53.69  calc=53.69  drift=0.0000  "RIGHTEOUS FELON SEOUL SURVIVOR KOREAN BBQ BEEF JER"
[backfill]     L9  PASS  qty=1  unit=32.1800  ext=32.18  calc=32.18  drift=0.0000  "RIGHTEOUS FELON MINI O.G. HICKORY BEEF STICK 24/.5"
[backfill]     L10  PASS  qty=2  unit=32.1800  ext=64.36  calc=64.36  drift=0.0000  "RIGHTEOUS FELON MINI STREET TACO PORK STICK 24/.5 "
[backfill]     L11  PASS  qty=2  unit=52.3000  ext=104.60  calc=104.60  drift=0.0000  "RIGHTEOUS FELON LEMON PEPPER TURKEY STICK 24/1 OZ"
[backfill]     L12  PASS  qty=1  unit=21.6000  ext=21.60  calc=21.60  drift=0.0000  "RIP VAN WAFEL MINI SNICKERDOODLE LOW SUGAR 32CT"
[backfill]     L13  PASS  qty=2  unit=18.4500  ext=36.90  calc=36.90  drift=0.0000  "HOMEFREE GLUTEN FREE DOUBLE CHOCOLATE CHIP MINI CO"
[backfill]     L14  PASS  qty=1  unit=18.4500  ext=18.45  calc=18.45  drift=0.0000  "HOMEFREE GLUTEN FREE CHOCOLATE MINT MINI COOKIES 1"
[backfill]     L15  PASS  qty=3  unit=18.4500  ext=55.35  calc=55.35  drift=0.0000  "HOMEFREE GLUTEN FREE LEMON BURST MINI COOKIES 10/1"
[backfill]     L16  PASS  qty=1  unit=22.8000  ext=22.80  calc=22.80  drift=0.0000  "AUGUSTIN DARK CHOC SEA SALT COOKIE SQUARES 40 ct"
[backfill]     L17  PASS  qty=4  unit=22.8000  ext=91.20  calc=91.20  drift=0.0000  "AUGUSTIN MILK CHOCOLATE CARAMEL COOKIE SQUARES 40 "
[backfill]     L18  PASS  qty=1  unit=41.6300  ext=41.63  calc=41.63  drift=0.0000  "LINDOR BALLS CARAMEL 60 CT"
[backfill]     L19  PASS  qty=1  unit=41.6300  ext=41.63  calc=41.63  drift=0.0000  "LINDOR BALL MILK 60 CT"
[backfill]     L20  PASS  qty=1  unit=39.6700  ext=39.67  calc=39.67  drift=0.0000  "UNREAL DARK CHOC COCONUT BARS 40CT"
[backfill]     L21  PASS  qty=2  unit=69.7500  ext=139.50  calc=139.50  drift=0.0000  "DARK CHOCOLATE ALMONDS 24/4 OZ BAGS"
[backfill]     L22  PASS  qty=1  unit=51.9100  ext=51.91  calc=51.91  drift=0.0000  "YOGURT MINI PRETZELS MINI BAGS 120/1 OZ"
[backfill]     L23  PASS  qty=1  unit=14.6300  ext=14.63  calc=14.63  drift=0.0000  "PRINGLES ORIGINAL 12/1.3 OZ"
[backfill]     L24  PASS  qty=1  unit=14.6300  ext=14.63  calc=14.63  drift=0.0000  "PRINGLE SOUR CREAM & ONION 12/1.41 OZ"
[backfill]     L25  PASS  qty=1  unit=14.6300  ext=14.63  calc=14.63  drift=0.0000  "PRINGLES CHEDDAR 12/1.41 OZ"
[backfill]     L26  PASS  qty=2  unit=14.6300  ext=29.26  calc=29.26  drift=0.0000  "PRINGLES BARBECUE 12/1.4 OZ"
[backfill]     L27  PASS  qty=1  unit=64.7700  ext=64.77  calc=64.77  drift=0.0000  "JACKSONS SWEET POTATO SEA SALT CHIPS 50/1 OZ"
[backfill]     L28  PASS  qty=0  unit=64.7700  ext=0.00  calc=0.00  drift=0.0000  "JACKSONS SWEET POTATO BBQ CHIPS 50/1 OZ"
[backfill]     L29  PASS  qty=1  unit=34.8200  ext=34.82  calc=34.82  drift=0.0000  "DEEP RIVER KETTLE CHIPS, MESQUITE BBQ 24/2 OZ"
[backfill]     L30  PASS  qty=1  unit=34.8200  ext=34.82  calc=34.82  drift=0.0000  "DEEP RIVER KETTLE CHIPS, SALT & VINEGAR 24/2 OZ"
[backfill]     L31  PASS  qty=1  unit=44.2500  ext=44.25  calc=44.25  drift=0.0000  "STELLAR MINI PRETZEL BRAID MAUI MONK 24/1.5 OZ"
[backfill]     L32  PASS  qty=0  unit=44.2500  ext=0.00  calc=0.00  drift=0.0000  "STELLAR MINI PRETZEL BRAID FRENCH DIJON 24/1.5 OZ"
[backfill]     L33  PASS  qty=0  unit=44.2500  ext=0.00  calc=0.00  drift=0.0000  "STELLAR MINI PRETZEL BRAID SIMPLY STELLAR 24/1.5 O"
[backfill]     L34  PASS  qty=0  unit=44.2500  ext=0.00  calc=0.00  drift=0.0000  "STELLAR MINI PRETZEL BRAID BOLD & HERBY 24/1.5 OZ"
[backfill]   RECONCILIATION:
[backfill]     sum(extracted extended_price) = $1399.65
[backfill]     stored total_amount           = $1399.65
[backfill]     diff                          = $0.00  (MATCH within tol)

[backfill] ──── 6431a74a-a88d-4914-abaf-a0a1a962844b  (City Seafood #INV24975)  total=$172.08
[backfill]   url(raw): https://drive.google.com/file/d/1_jbSkbsjNR17HKp4fIssKa7hCj4Yaykh/view?usp=drivesdk
[backfill]   downloaded 245704 bytes
[backfill]   pdf pages: 1  extracted: 1  type(s): image
[AI Scan] 6431a74a-a88d-4914-abaf-a0a1a962844b: Extracted 1 line items
[backfill]   PG ai_line_items rows: 1
[backfill]   Sheet AI_LINE_ITEMS "STL - MO" rows for uuid: 1
[backfill]   per-line arithmetic (|qty*unit - ext| <= 2%|ext| + 0.01):
[backfill]     L1  PASS  qty=12.3  unit=13.9900  ext=172.08  calc=172.08  drift=0.0030  "SALMON FAROE ISL FLT 6-7 BO"
[backfill]   RECONCILIATION:
[backfill]     sum(extracted extended_price) = $172.08
[backfill]     stored total_amount           = $172.08
[backfill]     diff                          = $0.00  (MATCH within tol)

[backfill] ──── ca4cd006-07ef-4bbd-8008-65582cc0961f  (What Chefs Want #12669842)  total=$537.65
[backfill]   url(raw): https://drive.google.com/file/d/12R0A63mJYXvA2xy25v4CknJL1wNsq2lW/view?usp=drivesdk
[backfill]   downloaded 358029 bytes
[backfill]   pdf pages: 1  extracted: 1  type(s): image
[AI Scan] ca4cd006-07ef-4bbd-8008-65582cc0961f: Extracted 10 line items
[backfill]   PG ai_line_items rows: 10
[backfill]   Sheet AI_LINE_ITEMS "STL - MO" rows for uuid: 10
[backfill]   per-line arithmetic (|qty*unit - ext| <= 2%|ext| + 0.01):
[backfill]     L1  PASS  qty=1  unit=11.1500  ext=11.15  calc=11.15  drift=0.0000  "HERB - MINT FRESH"
[backfill]     L2  PASS  qty=1  unit=19.7500  ext=19.75  calc=19.75  drift=0.0000  "GARLIC - COLOSSAL WHOLE"
[backfill]     L3  PASS  qty=1  unit=84.6000  ext=84.60  calc=84.60  drift=0.0000  "SYRUP - MAPLE GRADE A"
[backfill]     L4  PASS  qty=2  unit=30.1000  ext=60.20  calc=60.20  drift=0.0000  "HONEY - AMBER BULK"
[backfill]     L5  PASS  qty=3  unit=24.3500  ext=73.05  calc=73.05  drift=0.0000  "SAUCE - TAMARI GLUTEN-FREE"
[backfill]     L6  PASS  qty=1  unit=33.7000  ext=33.70  calc=33.70  drift=0.0000  "KIWI FRUIT - NUMBER 1"
[backfill]     L7  PASS  qty=1  unit=60.1500  ext=60.15  calc=60.15  drift=0.0000  "TOMATO - ROMA"
[backfill]     L8  PASS  qty=3  unit=16.1500  ext=48.45  calc=48.45  drift=0.0000  "JUICE - STRAW/LEMONAD NATALIE"
[backfill]     L9  PASS  qty=3  unit=15.1500  ext=45.45  calc=45.45  drift=0.0000  "JUICE - LEMONADE NATALIE"
[backfill]     L10  PASS  qty=1  unit=101.1500  ext=101.15  calc=101.15  drift=0.0000  "NUTS - PISTACHIOS SHLD WHL RAW"
[backfill]   RECONCILIATION:
[backfill]     sum(extracted extended_price) = $537.65
[backfill]     stored total_amount           = $537.65
[backfill]     diff                          = $0.00  (MATCH within tol)

[backfill] ──── 8153b5df-4f03-4af9-8417-381038631a2e  (Kuna Foodservice #237201)  total=$157.11
[backfill]   url(raw): https://drive.google.com/file/d/1Unlv0sFf1dUQzXVtwKDsi1GqyG76lFTP/view?usp=drivesdk
[backfill]   downloaded 363713 bytes
[backfill]   pdf pages: 1  extracted: 1  type(s): image
[AI Scan] 8153b5df-4f03-4af9-8417-381038631a2e: Extracted 3 line items
[backfill]   PG ai_line_items rows: 3
[backfill]   Sheet AI_LINE_ITEMS "STL - MO" rows for uuid: 3
[backfill]   per-line arithmetic (|qty*unit - ext| <= 2%|ext| + 0.01):
[backfill]     L1  PASS  qty=15  unit=1.0000  ext=15.00  calc=15.00  drift=0.0000  "SPECIAL ORDER & CROSS DOCK PICK PACK NOT DISTRIBUT"
[backfill]     L2  PASS  qty=1  unit=62.5000  ext=62.50  calc=62.50  drift=0.0000  "BEET RED BUNCHED ****"
[backfill]     L3  PASS  qty=1  unit=174.0500  ext=174.05  calc=174.05  drift=0.0000  "KALE RED BUNCHED"
[backfill]   RECONCILIATION:
[backfill]     sum(extracted extended_price) = $251.55
[backfill]     stored total_amount           = $157.11
[backfill]     diff                          = $94.44  (MISMATCH)

[backfill] ──── b54dc69d-f13b-4488-845b-be4f1fc80f21  (Rolling Lawn Farms #129924)  total=$119.76
[backfill]   url(raw): https://drive.google.com/file/d/1DOtoEP1SvSjw-spXlq-d8YtXFO7kCY2F/view?usp=drivesdk
[backfill]   downloaded 282438 bytes
[backfill]   pdf pages: 1  extracted: 1  type(s): image
[AI Scan] b54dc69d-f13b-4488-845b-be4f1fc80f21: Extracted 4 line items
[backfill]   PG ai_line_items rows: 4
[backfill]   Sheet AI_LINE_ITEMS "STL - MO" rows for uuid: 4
[backfill]   per-line arithmetic (|qty*unit - ext| <= 2%|ext| + 0.01):
[backfill]     L1  PASS  qty=2  unit=4.0900  ext=8.18  calc=8.18  drift=0.0000  "Buttermilk - 64oz"
[backfill]     L2  PASS  qty=8  unit=3.9900  ext=31.92  calc=31.92  drift=0.0000  "Chocolate Milk - 64 oz."
[backfill]     L3  PASS  qty=2  unit=3.1300  ext=6.26  calc=6.26  drift=0.0000  "Whole Milk - 64 oz."
[backfill]     L4  PASS  qty=10  unit=7.3400  ext=73.40  calc=73.40  drift=0.0000  "Heavy Cream - 32 oz."
[backfill]   RECONCILIATION:
[backfill]     sum(extracted extended_price) = $119.76
[backfill]     stored total_amount           = $119.76
[backfill]     diff                          = $0.00  (MATCH within tol)

[backfill] ──── c9a2ad56-ab3a-46e5-974f-c6b80dfe1257  (Fortune Fish & Gourmet #365254-26-06)  total=$94.99
[backfill]   url(raw): https://drive.google.com/file/d/1dkUBjwhm8MI-4-nMkkao1m-f76ZTFrqx/view?usp=drivesdk
[backfill]   downloaded 318747 bytes
[backfill]   pdf pages: 1  extracted: 1  type(s): image
[AI Scan] c9a2ad56-ab3a-46e5-974f-c6b80dfe1257: Extracted 1 line items
[backfill]   PG ai_line_items rows: 1
[backfill]   Sheet AI_LINE_ITEMS "STL - MO" rows for uuid: 1
[backfill]   per-line arithmetic (|qty*unit - ext| <= 2%|ext| + 0.01):
[backfill]     L1  PASS  qty=1  unit=94.9900  ext=94.99  calc=94.99  drift=0.0000  "DuFour Puff Pastry Sheets 1/8 **11X16X1/8 12 sheet"
[backfill]   RECONCILIATION:
[backfill]     sum(extracted extended_price) = $94.99
[backfill]     stored total_amount           = $94.99
[backfill]     diff                          = $0.00  (MATCH within tol)

[backfill] ──── dfca0afa-a5a5-4107-bcaa-cfb6daeb97e8  (Fortune Fish & Gourmet #365242-26-06)  total=$1191.22
[backfill]   url(raw): https://drive.google.com/file/d/1UKRAmLWgOSrODz7-57hJkx3XxUEYayz_/view?usp=drivesdk
[backfill]   downloaded 362255 bytes
[backfill]   pdf pages: 1  extracted: 1  type(s): image
[AI Scan] dfca0afa-a5a5-4107-bcaa-cfb6daeb97e8: Extracted 8 line items
[backfill]   PG ai_line_items rows: 8
[backfill]   Sheet AI_LINE_ITEMS "STL - MO" rows for uuid: 8
[backfill]   per-line arithmetic (|qty*unit - ext| <= 2%|ext| + 0.01):
[backfill]     L1  PASS  qty=2  unit=37.4900  ext=74.98  calc=74.98  drift=0.0000  "BLOOD ORANGE CAN SODA 24/330ML **A'SICILIANA ARANC"
[backfill]     L2  PASS  qty=2  unit=37.9900  ext=75.98  calc=75.98  drift=0.0000  "LIMONATA CAN SODA 24/330ML **A'SICILIANA LEMON LI0"
[backfill]     L3  PASS  qty=2  unit=49.9900  ext=99.98  calc=99.98  drift=0.0000  "Misco Pop Ginger Soda 12oz **6, 4/12oz (24ct) CS"
[backfill]     L4  PASS  qty=2  unit=39.9900  ext=79.98  calc=79.98  drift=0.0000  "SODA Pomegranate CAN 24-330ml **ARO083 A'Siciliana"
[backfill]     L5  PASS  qty=2  unit=39.9900  ext=79.98  calc=79.98  drift=0.0000  "SODA Mandarin CAN 24-330ml **ARO081 A'Siciliana 24"
[backfill]     L6  PASS  qty=16.64  unit=25.4900  ext=424.15  calc=424.15  drift=0.0036  "Swordfish Portions, S/Off BLO Product Origin: Ecua"
[backfill]     L7  PASS  qty=19.2  unit=18.2900  ext=351.17  calc=351.17  drift=0.0020  "DART Rohan Duck Breast **7-8oz avg 4/pk 10pk/cs"
[backfill]     L8  PASS  qty=1  unit=5.0000  ext=5.00  calc=5.00  drift=0.0000  "Global Fuel Surcharge"
[backfill]   RECONCILIATION:
[backfill]     sum(extracted extended_price) = $1191.22
[backfill]     stored total_amount           = $1191.22
[backfill]     diff                          = $0.00  (MATCH within tol)

[backfill] ──── f2dde01a-c120-4ccd-8528-62b94db5d6da  (What Chefs Want #12679163)  total=$1051.48
[backfill]   url(raw): https://drive.google.com/file/d/1PMm63tm9qJrHsQurcdYOgg-TVZ_Bb94V/view?usp=drivesdk
[backfill]   downloaded 809060 bytes
[backfill]   pdf pages: 2  extracted: 2  type(s): image
[AI Scan] f2dde01a-c120-4ccd-8528-62b94db5d6da: Extracted 31 line items
[backfill]   PG ai_line_items rows: 31
[backfill]   Sheet AI_LINE_ITEMS "STL - MO" rows for uuid: 31
[backfill]   per-line arithmetic (|qty*unit - ext| <= 2%|ext| + 0.01):
[backfill]     L1  HOLD  qty=8  unit=2.1000  ext=18.48  calc=16.80  drift=1.6800  "CABBAGE - NAPA"
[backfill]     L2  PASS  qty=3  unit=7.8500  ext=23.55  calc=23.55  drift=0.0000  "ASPARAGUS - JUMBO"
[backfill]     L3  PASS  qty=2  unit=18.5000  ext=37.00  calc=37.00  drift=0.0000  "BRUSSELS SPROUTS - HALVED"
[backfill]     L4  PASS  qty=2  unit=9.1500  ext=18.30  calc=18.30  drift=0.0000  "GRAPES - RED SEEDLESS"
[backfill]     L5  PASS  qty=2  unit=11.2000  ext=22.40  calc=22.40  drift=0.0000  "GRAPES - GREEN SEEDLESS"
[backfill]     L6  PASS  qty=1  unit=15.9000  ext=15.90  calc=15.90  drift=0.0000  "ONIONS - GREEN ICIELESS"
[backfill]     L7  PASS  qty=2  unit=4.4500  ext=8.90  calc=8.90  drift=0.0000  "LEEKS - NUMBER 1"
[backfill]     L8  PASS  qty=2  unit=12.3000  ext=24.60  calc=24.60  drift=0.0000  "CREAM CHEESE"
[backfill]     L9  PASS  qty=1  unit=41.1000  ext=41.10  calc=41.10  drift=0.0000  "CHEESE - PARMESAN GRATED FRSH"
[backfill]     L10  PASS  qty=1  unit=19.5500  ext=19.55  calc=19.55  drift=0.0000  "SPICE - PEPPERCORN PINK"
[backfill]     L11  PASS  qty=2  unit=7.8000  ext=15.60  calc=15.60  drift=0.0000  "PEPPERS - RED ROASTED CANNED"
[backfill]     L12  PASS  qty=1  unit=39.3000  ext=39.30  calc=39.30  drift=0.0000  "PEPPERS - PEPPADEW"
[backfill]     L13  PASS  qty=2  unit=26.8500  ext=53.70  calc=53.70  drift=0.0000  "NUTS - PECANS HALVES RAW"
[backfill]     L14  PASS  qty=1  unit=35.9500  ext=35.95  calc=35.95  drift=0.0000  "MAYONNAISE - KEWPIE JAPANESE"
[backfill]     L15  PASS  qty=2  unit=12.5500  ext=25.10  calc=25.10  drift=0.0000  "CAPERS - NONPAREIL"
[backfill]     L16  PASS  qty=1  unit=22.8500  ext=22.85  calc=22.85  drift=0.0000  "OLIVES - TURKISH CAL AMATA TYPE"
[backfill]     L17  PASS  qty=1  unit=42.4000  ext=42.40  calc=42.40  drift=0.0000  "OLIVES - CARMONA MIX LOSADA"
[backfill]     L18  PASS  qty=1  unit=69.1500  ext=69.15  calc=69.15  drift=0.0000  "ASPARAGUS - JUMBO"
[backfill]     L19  PASS  qty=1  unit=26.1500  ext=26.15  calc=26.15  drift=0.0000  "KALE - CHOPPED"
[backfill]     L20  PASS  qty=1  unit=21.7000  ext=21.70  calc=21.70  drift=0.0000  "POTATO - RUSSET #2"
[backfill]     L21  PASS  qty=1  unit=88.1500  ext=88.15  calc=88.15  drift=0.0000  "LETTUCE - ROMAINE HEARTS"
[backfill]     L22  PASS  qty=1  unit=25.1500  ext=25.15  calc=25.15  drift=0.0000  "PINEAPPLE - GOLDEN RIPE"
[backfill]     L23  PASS  qty=1  unit=39.1500  ext=39.15  calc=39.15  drift=0.0000  "POTATO - SWEET YAM 50-55 CT"
[backfill]     L24  PASS  qty=1  unit=44.7000  ext=44.70  calc=44.70  drift=0.0000  "BEANS - HARICOT VERT CLIPPED"
[backfill]     L25  PASS  qty=1  unit=29.5000  ext=29.50  calc=29.50  drift=0.0000  "HERB - CILANTRO FRESH BUNCH"
[backfill]     L26  PASS  qty=1  unit=56.4500  ext=56.45  calc=56.45  drift=0.0000  "YOGURT - GREEK CHOBANI PLAN 4%"
[backfill]     L27  PASS  qty=1  unit=28.7000  ext=28.70  calc=28.70  drift=0.0000  "YOGURT - GREEK CHOBANI BLUEBERRY"
[backfill]     L28  PASS  qty=2  unit=28.9500  ext=57.90  calc=57.90  drift=0.0000  "YOGURT - GREEK CHOBANI STRAWBERRY"
[backfill]     L29  PASS  qty=1  unit=33.7000  ext=33.70  calc=33.70  drift=0.0000  "JUICE - ORANGE FLORIDA"
[backfill]     L30  PASS  qty=1  unit=41.4500  ext=41.45  calc=41.45  drift=0.0000  "SAUERKRAUT - PUCKERED PICKLE"
[backfill]     L31  PASS  qty=1  unit=24.9500  ext=24.95  calc=24.95  drift=0.0000  "MILK - OAT MINOR FIGURES ORG"
[backfill]   RECONCILIATION:
[backfill]     sum(extracted extended_price) = $1051.48
[backfill]     stored total_amount           = $1051.48
[backfill]     diff                          = $0.00  (MATCH within tol)

[backfill] ──── eb80996e-b797-491d-b45e-f1b9445b1c87  (City Seafood #INV25019)  total=$1285.95
[backfill]   url(raw): https://drive.google.com/file/d/1lfgkBs1dqZOk60AWRiq-A3PEpzJ6RXqH/view?usp=drivesdk
[backfill]   downloaded 203181 bytes
[backfill]   pdf pages: 1  extracted: 1  type(s): image
[AI Scan] eb80996e-b797-491d-b45e-f1b9445b1c87: Extracted 3 line items
[backfill]   PG ai_line_items rows: 3
[backfill]   Sheet AI_LINE_ITEMS "STL - MO" rows for uuid: 3
[backfill]   per-line arithmetic (|qty*unit - ext| <= 2%|ext| + 0.01):
[backfill]     L1  PASS  qty=40  unit=16.9900  ext=679.60  calc=679.60  drift=0.0000  "SNOW CRAB CLSTR 5-8"
[backfill]     L2  PASS  qty=11.4  unit=24.9900  ext=284.89  calc=284.89  drift=0.0040  "TUNA Y-FIN 60+ #1 100%"
[backfill]     L3  PASS  qty=13.4  unit=23.9900  ext=321.47  calc=321.47  drift=0.0040  "SNAPPER AM RED FILET SKLS"
[backfill]   RECONCILIATION:
[backfill]     sum(extracted extended_price) = $1285.96
[backfill]     stored total_amount           = $1285.95
[backfill]     diff                          = $0.01  (MATCH within tol)

[backfill] ──── 657372e9-e36c-4749-b14d-95a428b0a935  (Kuna Foodservice #238653-00)  total=$384.90
[backfill]   url(raw): https://drive.google.com/file/d/1GHDULhMdUAqf8TlRKmeYIcza_m0bfUP4/view?usp=drivesdk
[backfill]   downloaded 303900 bytes
[backfill]   pdf pages: 1  extracted: 1  type(s): image
[AI Scan] 657372e9-e36c-4749-b14d-95a428b0a935: Extracted 11 line items
[backfill]   PG ai_line_items rows: 11
[backfill]   Sheet AI_LINE_ITEMS "STL - MO" rows for uuid: 11
[backfill]   per-line arithmetic (|qty*unit - ext| <= 2%|ext| + 0.01):
[backfill]     L1  PASS  qty=1  unit=25.5000  ext=25.50  calc=25.50  drift=0.0000  "FRZR AVOCADO 1ST GOLD 1/5 LB"
[backfill]     L2  PASS  qty=1  unit=48.4400  ext=48.44  calc=48.44  drift=0.0000  "VEGETABLE BROTH 32 OZ STLLE BIANCO BRSKO"
[backfill]     L3  PASS  qty=1  unit=0.0000  ext=0.00  calc=0.00  drift=0.0000  "PAPRIKA AT THE OF CULL WEEK"
[backfill]     L4  PASS  qty=1  unit=0.0000  ext=0.00  calc=0.00  drift=0.0000  "OOD SHFL PIECES BEST/FRIED/ING LONG WILD"
[backfill]     L5  HOLD  qty=3  unit=364.0400  ext=0.00  calc=1092.12  drift=1092.1200  "SPLIT NTR RCE CR STOCK 4 CONTAINER WI TH GNG/GD 17"
[backfill]     L6  PASS  qty=0  unit=0.0000  ext=0.00  calc=0.00  drift=0.0000  "GRAND TOTAL"
[backfill]     L7  PASS  qty=0  unit=164.0400  ext=0.00  calc=0.00  drift=0.0000  "CASSP"
[backfill]     L8  PASS  qty=0  unit=0.0000  ext=0.00  calc=0.00  drift=0.0000  "SPLITS"
[backfill]     L9  PASS  qty=80.7  unit=0.0000  ext=0.00  calc=0.00  drift=0.0000  "Weight: 80.7"
[backfill]     L10  PASS  qty=0  unit=156.7800  ext=0.00  calc=0.00  drift=0.0000  "AVOCADO"
[backfill]     L11  PASS  qty=0  unit=0.0000  ext=0.00  calc=0.00  drift=0.0000  "TOTAL"
[backfill]   RECONCILIATION:
[backfill]     sum(extracted extended_price) = $73.94
[backfill]     stored total_amount           = $384.90
[backfill]     diff                          = $-310.96  (MISMATCH)

[backfill] ──── 24b3913c-ed37-4f15-b95d-e40403994e5e  (Kuna Foodservice #238727-00)  total=$139.25
[backfill]   url(raw): https://drive.google.com/file/d/108UN5AcDihTy4oYmKr5cEa2uQPNWQzl6/view?usp=drivesdk
[backfill]   downloaded 347584 bytes
[backfill]   pdf pages: 1  extracted: 1  type(s): image
[AI Scan] 24b3913c-ed37-4f15-b95d-e40403994e5e: Extracted 3 line items
[backfill]   PG ai_line_items rows: 3
[backfill]   Sheet AI_LINE_ITEMS "STL - MO" rows for uuid: 3
[backfill]   per-line arithmetic (|qty*unit - ext| <= 2%|ext| + 0.01):
[backfill]     L1  PASS  qty=2  unit=0.0000  ext=0.00  calc=0.00  drift=0.0000  "X3664"
[backfill]     L2  PASS  qty=2  unit=0.0000  ext=0.00  calc=0.00  drift=0.0000  "99999"
[backfill]     L3  PASS  qty=2  unit=0.0000  ext=0.00  calc=0.00  drift=0.0000  "W1501"
[backfill]   RECONCILIATION:
[backfill]     sum(extracted extended_price) = $0.00
[backfill]     stored total_amount           = $139.25
[backfill]     diff                          = $-139.25  (MISMATCH)

[backfill] ──── f15002e0-44a0-43b9-a4c4-3ed28dc8a239  (Kuna Foodservice #238683)  total=$1237.35
[backfill]   url(raw): https://drive.google.com/file/d/1GcXnzBNemV5V6mTxKgNJ8xCrifPIA_LN/view?usp=drivesdk
[backfill]   downloaded 353229 bytes
[backfill]   pdf pages: 1  extracted: 1  type(s): image
[AI Scan] f15002e0-44a0-43b9-a4c4-3ed28dc8a239: Extracted 5 line items
[backfill]   PG ai_line_items rows: 5
[backfill]   Sheet AI_LINE_ITEMS "STL - MO" rows for uuid: 5
[backfill]   per-line arithmetic (|qty*unit - ext| <= 2%|ext| + 0.01):
[backfill]     L1  PASS  qty=1  unit=25.0000  ext=25.00  calc=25.00  drift=0.0000  "*** Miscellaneous *** EARLY DELIVERY C0 DELIVERY I"
[backfill]     L2  PASS  qty=1  unit=45.4500  ext=45.45  calc=45.45  drift=0.0000  "CST MIXED CARROTS PURPLE TRICOLOR ORGANIC ORGANIC "
[backfill]     L3  PASS  qty=2  unit=35.0000  ext=70.00  calc=70.00  drift=0.0000  "CST BELL PEPPERS LOCAL ORGANIK PEP LOCAL ORGANIC B"
[backfill]     L4  PASS  qty=2  unit=42.5000  ext=85.00  calc=85.00  drift=0.0000  "CST BELL PEPPERS LOCAL ORGANIK YELLOW PEP LOCAL OR"
[backfill]     L5  HOLD  qty=4  unit=0.0000  ext=225.45  calc=0.00  drift=225.4500  "GOOD TOTAL"
[backfill]   RECONCILIATION:
[backfill]     sum(extracted extended_price) = $450.90
[backfill]     stored total_amount           = $1237.35
[backfill]     diff                          = $-786.45  (MISMATCH)

[backfill] ──── 337bd0b0-57c3-43a1-b76e-508d23767838  (What Chefs Want #12679164)  total=$37.20
[backfill]   url(raw): https://drive.google.com/file/d/1X_ywlnPO7T3KAXjuGIRp671M9c81NT5t/view?usp=drivesdk
[backfill]   downloaded 316395 bytes
[backfill]   pdf pages: 1  extracted: 1  type(s): image
[AI Scan] 337bd0b0-57c3-43a1-b76e-508d23767838: Extracted 1 line items
[backfill]   PG ai_line_items rows: 1
[backfill]   Sheet AI_LINE_ITEMS "STL - MO" rows for uuid: 1
[backfill]   per-line arithmetic (|qty*unit - ext| <= 2%|ext| + 0.01):
[backfill]     L1  PASS  qty=1  unit=37.2000  ext=37.20  calc=37.20  drift=0.0000  "DAIRY-EGGS-CHEESE YOGURT - VANILLA OHIO"
[backfill]   RECONCILIATION:
[backfill]     sum(extracted extended_price) = $37.20
[backfill]     stored total_amount           = $37.20
[backfill]     diff                          = $0.00  (MATCH within tol)

[backfill] ──── 7f9e9e96-9c71-498a-8985-6ffc9927a595  (What Chefs Want #12683229)  total=$227.30
[backfill]   url(raw): https://drive.google.com/file/d/16fCj9myUYhTmhelwQnuMfydkM3cFd2Ce/view?usp=drivesdk
[backfill]   downloaded 342772 bytes
[backfill]   pdf pages: 1  extracted: 1  type(s): image
[AI Scan] 7f9e9e96-9c71-498a-8985-6ffc9927a595: Extracted 3 line items
[backfill]   PG ai_line_items rows: 3
[backfill]   Sheet AI_LINE_ITEMS "STL - MO" rows for uuid: 3
[backfill]   per-line arithmetic (|qty*unit - ext| <= 2%|ext| + 0.01):
[backfill]     L1  PASS  qty=1  unit=44.7000  ext=44.70  calc=44.70  drift=0.0000  "POTATO - YUKON CHEF BAKER"
[backfill]     L2  PASS  qty=1  unit=101.1500  ext=101.15  calc=101.15  drift=0.0000  "EGGS - LIQUID WHITES"
[backfill]     L3  PASS  qty=1  unit=81.4500  ext=81.45  calc=81.45  drift=0.0000  "TOMATO - IV SEMI DRIED"
[backfill]   RECONCILIATION:
[backfill]     sum(extracted extended_price) = $227.30
[backfill]     stored total_amount           = $227.30
[backfill]     diff                          = $0.00  (MATCH within tol)

[backfill] ──── e83b9409-1655-42c3-b68d-440a18aab3ff  (Fortune Fish & Gourmet #365975-26-06)  total=$287.86
[backfill]   url(raw): https://drive.google.com/file/d/1PjZT0V8-IibCVX_FmQLDdv01C3_rBPHc/view?usp=drivesdk
[backfill]   downloaded 332173 bytes
[backfill]   pdf pages: 1  extracted: 1  type(s): image
[AI Scan] e83b9409-1655-42c3-b68d-440a18aab3ff: Extracted 3 line items
[backfill]   PG ai_line_items rows: 3
[backfill]   Sheet AI_LINE_ITEMS "STL - MO" rows for uuid: 3
[backfill]   per-line arithmetic (|qty*unit - ext| <= 2%|ext| + 0.01):
[backfill]     L1  PASS  qty=4  unit=43.4900  ext=173.96  calc=173.96  drift=0.0000  "Mater Saniol Sprking 330ml **Sant Aniol 24/cs"
[backfill]     L2  PASS  qty=10  unit=10.8900  ext=108.90  calc=108.90  drift=0.0000  "NOESKE Sliced Bacon 12-14 lb **Applewood Smoked 2/"
[backfill]     L3  PASS  qty=1  unit=5.0000  ext=5.00  calc=5.00  drift=0.0000  "Global Fuel Surcharge"
[backfill]   RECONCILIATION:
[backfill]     sum(extracted extended_price) = $287.86
[backfill]     stored total_amount           = $287.86
[backfill]     diff                          = $0.00  (MATCH within tol)

[backfill] ──── 403a0db3-7f4d-4657-9de4-d8c961d5904f  (Fortune Fish & Gourmet #365537-26-06)  total=$214.87
[backfill]   url(raw): https://drive.google.com/file/d/1Il6pS5sSYaj-6lFl4xeOwnWdPi3J0sxq/view?usp=drivesdk
[backfill]   downloaded 323957 bytes
[backfill]   pdf pages: 1  extracted: 1  type(s): image
[AI Scan] 403a0db3-7f4d-4657-9de4-d8c961d5904f: Extracted 5 line items
[backfill]   PG ai_line_items rows: 5
[backfill]   Sheet AI_LINE_ITEMS "STL - MO" rows for uuid: 5
[backfill]   per-line arithmetic (|qty*unit - ext| <= 2%|ext| + 0.01):
[backfill]     L1  PASS  qty=1  unit=43.4900  ext=43.49  calc=43.49  drift=0.0000  "Water SAniol Sprklng 330ml **Sant Aniol 24/cs"
[backfill]     L2  PASS  qty=1  unit=94.9900  ext=94.99  calc=94.99  drift=0.0000  "DuFour Puff Pastry Sheets 1/8 **T1X16X1/8 12 sheet"
[backfill]     L3  PASS  qty=1  unit=41.4900  ext=41.49  calc=41.49  drift=0.0000  "Black Truffle Chips 20/40g **TORRES 1.4oz"
[backfill]     L4  PASS  qty=10  unit=2.9900  ext=29.90  calc=29.90  drift=0.0000  "20 lb. Plastic Tubs & Lids"
[backfill]     L5  PASS  qty=1  unit=5.0000  ext=5.00  calc=5.00  drift=0.0000  "Global Fuel Surcharge"
[backfill]   RECONCILIATION:
[backfill]     sum(extracted extended_price) = $214.87
[backfill]     stored total_amount           = $214.87
[backfill]     diff                          = $0.00  (MATCH within tol)

[backfill] ──── 85ad78eb-6333-4f5b-8414-d82fd3d22d76  (Fortune Fish & Gourmet #365538-26-06)  total=$156.89
[backfill]   url(raw): https://drive.google.com/file/d/1JzmNonwxRgvdy-1nfy5hYK_Xw3YputYy/view?usp=drivesdk
[backfill]   downloaded 313579 bytes
[backfill]   pdf pages: 1  extracted: 1  type(s): image
[AI Scan] 85ad78eb-6333-4f5b-8414-d82fd3d22d76: Extracted 2 line items
[backfill]   PG ai_line_items rows: 2
[backfill]   Sheet AI_LINE_ITEMS "STL - MO" rows for uuid: 2
[backfill]   per-line arithmetic (|qty*unit - ext| <= 2%|ext| + 0.01):
[backfill]     L1  PASS  qty=1  unit=51.9900  ext=51.99  calc=51.99  drift=0.0000  "Hamburger Bun 90/3oz Ca **Item#1909 3D Baking"
[backfill]     L2  PASS  qty=10  unit=10.4900  ext=104.90  calc=104.90  drift=0.0000  "NUESKE Sliced Bacon 16-20 10# **Applewood Smoked 2"
[backfill]   RECONCILIATION:
[backfill]     sum(extracted extended_price) = $156.89
[backfill]     stored total_amount           = $156.89
[backfill]     diff                          = $0.00  (MATCH within tol)

[backfill] ──── 6b23bfcd-d971-44e5-8861-c7edab0e79d1  (What Chefs Want #12687166)  total=$192.60
[backfill]   url(raw): https://drive.google.com/file/d/1DEvXaPKmIGNubLBs3dCL_2tjglPFmxbp/view?usp=drivesdk
[backfill]   downloaded 311662 bytes
[backfill]   pdf pages: 1  extracted: 1  type(s): image
[AI Scan] 6b23bfcd-d971-44e5-8861-c7edab0e79d1: Extracted 1 line items
[backfill]   PG ai_line_items rows: 1
[backfill]   Sheet AI_LINE_ITEMS "STL - MO" rows for uuid: 1
[backfill]   per-line arithmetic (|qty*unit - ext| <= 2%|ext| + 0.01):
[backfill]     L1  PASS  qty=2  unit=96.3000  ext=192.60  calc=192.60  drift=0.0000  "BEEF - PATTIES 4OZ BLACK HAWK"
[backfill]   RECONCILIATION:
[backfill]     sum(extracted extended_price) = $192.60
[backfill]     stored total_amount           = $192.60
[backfill]     diff                          = $0.00  (MATCH within tol)

[backfill] ──── 09f32e81-7610-4835-8b6b-985bb3685ea7  (Kuna Foodservice #236866-00)  total=$3829.87
[backfill]   url(raw): https://drive.google.com/file/d/18_I8Cz75XEi0WkH9DQbsMC58Jk7Pwqje/view?usp=drivesdk
[backfill]   downloaded 746379 bytes
[backfill]   pdf pages: 2  extracted: 2  type(s): image
[AI Scan] 09f32e81-7610-4835-8b6b-985bb3685ea7: Extracted 42 line items
[backfill]   PG ai_line_items rows: 42
[backfill]   Sheet AI_LINE_ITEMS "STL - MO" rows for uuid: 42
[backfill]   per-line arithmetic (|qty*unit - ext| <= 2%|ext| + 0.01):
[backfill]     L1  PASS  qty=1  unit=167.1000  ext=167.10  calc=167.10  drift=0.0000  "BEEF ROUND SPECIAL CORNED BEEF SPECIAL GOLDEN PLAT"
[backfill]     L2  PASS  qty=1  unit=84.9600  ext=84.96  calc=84.96  drift=0.0000  "CHICKEN BREAST IQF TENDER SIZED NO TENDERS ADDED B"
[backfill]     L3  PASS  qty=1  unit=34.5600  ext=34.56  calc=34.56  drift=0.0000  "CHICKEN DRUMSTICKS IQF TRAY PACK GOLDEN PLATTER JU"
[backfill]     L4  PASS  qty=1  unit=31.3700  ext=31.37  calc=31.37  drift=0.0000  "CHICKEN THIGHS BONE IN SKIN ON GOLDEN PLATTER JUMB"
[backfill]     L5  PASS  qty=1  unit=36.7400  ext=36.74  calc=36.74  drift=0.0000  "GROUND TURKEY 93/7 1 LB CHUBS GOLDEN PLATTER FROZE"
[backfill]     L6  PASS  qty=15.5  unit=3.3700  ext=52.24  calc=52.23  drift=0.0050  "PORK SHOULDER BOSTON BUTT BONELESS CRYOVAC FRESH"
[backfill]     L7  PASS  qty=7.03  unit=7.0300  ext=49.41  calc=49.42  drift=0.0109  "TURKEY GROUND 93/7 NATURAL FRESH CHUB GROUND"
[backfill]     L8  PASS  qty=4.26  unit=10.7000  ext=45.58  calc=45.58  drift=0.0020  "BEEF GROUND 93/7 SIRLOIN BLEND FRESH GROUND SIRLOI"
[backfill]     L9  PASS  qty=2  unit=21.1600  ext=42.32  calc=42.32  drift=0.0000  "APPLES GALA"
[backfill]     L10  PASS  qty=1  unit=67.5400  ext=67.54  calc=67.54  drift=0.0000  "AVOCADOS HASS 60 COUNT"
[backfill]     L11  PASS  qty=2  unit=21.6000  ext=43.20  calc=43.20  drift=0.0000  "BANANA"
[backfill]     L12  PASS  qty=1  unit=35.6700  ext=35.67  calc=35.67  drift=0.0000  "BEETS GOLDEN BUNCHED 12 CT"
[backfill]     L13  PASS  qty=1  unit=34.6500  ext=34.65  calc=34.65  drift=0.0000  "BROCCOLI CROWNS"
[backfill]     L14  PASS  qty=4  unit=10.8400  ext=43.36  calc=43.36  drift=0.0000  "CARROTS BABY PEELED 5LB"
[backfill]     L15  PASS  qty=1  unit=31.7400  ext=31.74  calc=31.74  drift=0.0000  "CARROTS RAINBOW BUNCHED 12 CT"
[backfill]     L16  PASS  qty=1  unit=10.2600  ext=10.26  calc=10.26  drift=0.0000  "CELERY"
[backfill]     L17  PASS  qty=1  unit=35.1800  ext=35.18  calc=35.18  drift=0.0000  "CORN YELLOW ON COB 48 CT PEELED"
[backfill]     L18  PASS  qty=1  unit=15.5000  ext=15.50  calc=15.50  drift=0.0000  "CUCUMBER ENGLISH 12 CT"
[backfill]     L19  PASS  qty=1  unit=12.7500  ext=12.75  calc=12.75  drift=0.0000  "HERBS CILANTRO"
[backfill]     L20  PASS  qty=1  unit=14.5600  ext=14.56  calc=14.56  drift=0.0000  "HERBS PARSLEY FLAT LEAF ITALIAN"
[backfill]     L21  PASS  qty=2  unit=21.1600  ext=42.32  calc=42.32  drift=0.0000  "KALE CURLY GREEN"
[backfill]     L22  PASS  qty=1  unit=53.6100  ext=53.61  calc=53.61  drift=0.0000  "LEMONS 200 CT"
[backfill]     L23  PASS  qty=1  unit=17.2600  ext=17.26  calc=17.26  drift=0.0000  "LETTUCE ICEBERG"
[backfill]     L24  PASS  qty=1  unit=18.9000  ext=18.90  calc=18.90  drift=0.0000  "LETTUCE ROMAINE HEARTS 6 CT TRIO"
[backfill]     L25  PASS  qty=1  unit=56.7000  ext=56.70  calc=56.70  drift=0.0000  "LIMES 200 CT"
[backfill]     L26  PASS  qty=1  unit=20.1600  ext=20.16  calc=20.16  drift=0.0000  "MUSHROOM WHITE SLICED 8 OZ"
[backfill]     L27  PASS  qty=1  unit=24.3000  ext=24.30  calc=24.30  drift=0.0000  "ONIONS RED"
[backfill]     L28  PASS  qty=2  unit=12.9600  ext=25.92  calc=25.92  drift=0.0000  "ONIONS YELLOW"
[backfill]     L29  PASS  qty=1  unit=21.6000  ext=21.60  calc=21.60  drift=0.0000  "PEPPERS RED BELL"
[backfill]     L30  PASS  qty=2  unit=25.9200  ext=51.84  calc=51.84  drift=0.0000  "POTATOES RUSSET 70 CT 50 LB"
[backfill]     L31  PASS  qty=1  unit=19.4400  ext=19.44  calc=19.44  drift=0.0000  "POTATOES FINGERLING 3 LB"
[backfill]     L32  PASS  qty=1  unit=30.2400  ext=30.24  calc=30.24  drift=0.0000  "SPINACH BABY ORGANIC 4 OZ"
[backfill]     L33  PASS  qty=1  unit=21.6000  ext=21.60  calc=21.60  drift=0.0000  "SQUASH YELLOW"
[backfill]     L34  PASS  qty=1  unit=25.9200  ext=25.92  calc=25.92  drift=0.0000  "SWEET POTATOES"
[backfill]     L35  PASS  qty=1  unit=17.2800  ext=17.28  calc=17.28  drift=0.0000  "TOMATOES ROMA"
[backfill]     L36  PASS  qty=1  unit=21.6000  ext=21.60  calc=21.60  drift=0.0000  "ZUCCHINI"
[backfill]     L37  PASS  qty=1  unit=35.1000  ext=35.10  calc=35.10  drift=0.0000  "ALMONDS SLICED BLANCHED 5 LB"
[backfill]     L38  PASS  qty=1  unit=11.8800  ext=11.88  calc=11.88  drift=0.0000  "BAKING POWDER DOUBLE ACTING 5 LB"
[backfill]     L39  PASS  qty=1  unit=18.9000  ext=18.90  calc=18.90  drift=0.0000  "FLOUR ALL PURPOSE 50 LB"
[backfill]     L40  PASS  qty=1  unit=45.3600  ext=45.36  calc=45.36  drift=0.0000  "OIL OLIVE EXTRA VIRGIN 3 L"
[backfill]     L41  PASS  qty=1  unit=32.4000  ext=32.40  calc=32.40  drift=0.0000  "RICE JASMINE 25 LB"
[backfill]     L42  PASS  qty=2  unit=4.3200  ext=8.64  calc=8.64  drift=0.0000  "SALT KOSHER 3 LB"
[backfill]   RECONCILIATION:
[backfill]     sum(extracted extended_price) = $1509.66
[backfill]     stored total_amount           = $3829.87
[backfill]     diff                          = $-2320.21  (MISMATCH)

[backfill] ──── c4566f29-48a8-46d0-92af-59a432f45bbe  (Kuna Foodservice #244299-00)  total=$291.29
[backfill]   url(raw): https://drive.google.com/file/d/1mynLwjqc-oAdQiboQ3KVLwFgYxiXMk9h/view?usp=drivesdk
[backfill]   downloaded 372285 bytes
[backfill]   pdf pages: 1  extracted: 1  type(s): image
[AI Scan] c4566f29-48a8-46d0-92af-59a432f45bbe: Extracted 3 line items
[backfill]   PG ai_line_items rows: 3
[backfill]   Sheet AI_LINE_ITEMS "STL - MO" rows for uuid: 3
[backfill]   per-line arithmetic (|qty*unit - ext| <= 2%|ext| + 0.01):
[backfill]     L1  PASS  qty=2  unit=10.7400  ext=21.48  calc=21.48  drift=0.0000  "BROCCOLI CROWNS & CROSS PICK ITEMS 150 NOT REFRIGE"
[backfill]     L2  PASS  qty=1  unit=179.0000  ext=179.00  calc=179.00  drift=0.0000  "BEEF TENDERLOIN CHOP W/ C VOG ** Miscellaneous ***"
[backfill]     L3  PASS  qty=3  unit=0.0000  ext=0.00  calc=0.00  drift=0.0000  "PORK LOIN CHOP W/ C VOG ** Miscellaneous ****"
[backfill]   RECONCILIATION:
[backfill]     sum(extracted extended_price) = $200.48
[backfill]     stored total_amount           = $291.29
[backfill]     diff                          = $-90.81  (MISMATCH)

[backfill] ──── 19e9afc2-25f1-406e-beba-7cd59a5d9de0  (Kuna Foodservice #244307-00)  total=$60.35
[backfill]   url(raw): https://drive.google.com/file/d/1BjhnmXwXZn6V6tvVauuGiIx8ePywJkFO/view?usp=drivesdk
[backfill]   downloaded 390290 bytes
[backfill]   pdf pages: 1  extracted: 1  type(s): image
[AI Scan] 19e9afc2-25f1-406e-beba-7cd59a5d9de0: Extracted 1 line items
[backfill]   PG ai_line_items rows: 1
[backfill]   Sheet AI_LINE_ITEMS "STL - MO" rows for uuid: 1
[backfill]   per-line arithmetic (|qty*unit - ext| <= 2%|ext| + 0.01):
[backfill]     L1  PASS  qty=1  unit=57.0800  ext=57.08  calc=57.08  drift=0.0000  "APPLE SPECIAL GOLDEN & CROSS DOCK ITEMS HAS NOT BE"
[backfill]   RECONCILIATION:
[backfill]     sum(extracted extended_price) = $57.08
[backfill]     stored total_amount           = $60.35
[backfill]     diff                          = $-3.27  (MISMATCH)

[backfill] ──── 4a0502db-ee05-48a8-90ff-e1d904e1156d  (Kuna Foodservice #242561-00)  total=$8300.89
[backfill]   url(raw): https://drive.google.com/file/d/1QbhTksZHO3oCZM6eMyTjlnW0kiYFGvlN/view?usp=drivesdk
[backfill]   downloaded 1529163 bytes
[backfill]   pdf pages: 4  extracted: 4  type(s): image
[AI Scan] 4a0502db-ee05-48a8-90ff-e1d904e1156d: Extracted 45 line items
[backfill]   PG ai_line_items rows: 45
[backfill]   Sheet AI_LINE_ITEMS "STL - MO" rows for uuid: 45
[backfill]   per-line arithmetic (|qty*unit - ext| <= 2%|ext| + 0.01):
[backfill]     L1  HOLD  qty=1  unit=1.2800  ext=529.03  calc=1.28  drift=527.7500  "BROC & CROSS LOIN ITEMS NOT NEED OR SHORT FRESH"
[backfill]     L2  HOLD  qty=1  unit=11.1700  ext=169.78  calc=11.17  drift=158.6100  "WEIGHT 46.9 LB FRZN 2% PC BNREL 2 FCS CS"
[backfill]     L3  HOLD  qty=1  unit=3.6500  ext=36.19  calc=3.65  drift=32.5400  "PORK TENDERLOIN USA FLAME 1 FK COW"
[backfill]     L4  HOLD  qty=1  unit=18.5000  ext=590.05  calc=18.50  drift=571.5500  "BEEF CHEX FLAT BRVS WAGYU SPCDN E-9"
[backfill]     L5  HOLD  qty=1  unit=16.4500  ext=659.30  calc=16.45  drift=642.8500  "BEEF LOIN XX1 PRIME GRSS RED"
[backfill]     L6  HOLD  qty=2  unit=17.5500  ext=1052.12  calc=35.10  drift=1017.0200  "BEEF RIBBY RUE PRIME GRSS RED"
[backfill]     L7  PASS  qty=2  unit=33.5000  ext=66.89  calc=67.00  drift=0.1100  "VODKA VANILLA TRIPLE ZERO 12/5.3 OZ"
[backfill]     L8  HOLD  qty=2  unit=32.5800  ext=61.17  calc=65.16  drift=3.9900  "SILICON BEST 6 OZ CRTGN BEST 6 OZ YG*"
[backfill]     L9  HOLD  qty=3  unit=6.1200  ext=370.22  calc=18.36  drift=351.8600  "SILICON BEST 6 OZ CRTGN BEST 6 OZ YG*"
[backfill]     L10  PASS  qty=1  unit=122.7400  ext=122.74  calc=122.74  drift=0.0000  "CHEESE CHILACIN SHREDDED"
[backfill]     L11  HOLD  qty=1  unit=2.1900  ext=30.69  calc=2.19  drift=28.5000  "CHEESE WILD CHICKEN DEAN GALLAGHER PDSH"
[backfill]     L12  HOLD  qty=2  unit=3.6400  ext=0.00  calc=7.28  drift=7.2800  "AVOCKT 1 sa 8 HASS 6CT WEST CHILBL PERU SLI LEMON"
[backfill]     L13  HOLD  qty=9  unit=71.2400  ext=296.84  calc=641.16  drift=344.3200  "BISCUIT BSL SABER MRVD STE 2 MS 2&CCT"
[backfill]     L14  HOLD  qty=1  unit=36.6500  ext=71.34  calc=36.65  drift=34.6900  "BANANA SABA SPLIT BSL SERR MRVD STE 2&CCT"
[backfill]     L15  PASS  qty=1  unit=57.7100  ext=57.71  calc=57.71  drift=0.0000  "BANANA SUGAR SYERY SANEY HOT 20G"
[backfill]     L16  PASS  qty=1  unit=36.5000  ext=36.50  calc=36.50  drift=0.0000  "THIERRY TSTRSS SYERY HONEY HOT 20G"
[backfill]     L17  PASS  qty=1  unit=11.8400  ext=11.84  calc=11.84  drift=0.0000  "CHICKEN OYSTER SYERY HONEY HOT 20G SPICES"
[backfill]     L18  PASS  qty=1  unit=43.2900  ext=43.29  calc=43.29  drift=0.0000  "YOGURT 0.1 8 VESSEL 2/4 LB"
[backfill]     L19  PASS  qty=1  unit=53.3500  ext=53.35  calc=53.35  drift=0.0000  "CEREAL OAD MIXION OAT VESSEL"
[backfill]     L20  PASS  qty=1  unit=34.7100  ext=34.71  calc=34.71  drift=0.0000  "BAJA GREENBEA FAMY VESSEL ONW"
[backfill]     L21  PASS  qty=1  unit=34.0200  ext=34.02  calc=34.02  drift=0.0000  "LETTUCE FAMY VESSEL 6 OLN"
[backfill]     L22  HOLD  qty=3  unit=238.6800  ext=238.68  calc=716.04  drift=477.3600  "DETERGENT PSSH MACHINE WR BAG"
[backfill]     L23  HOLD  qty=2  unit=107.3700  ext=107.37  calc=214.74  drift=107.3700  "DETERGENT PSSH MACHINE WR BAG"
[backfill]     L24  HOLD  qty=4  unit=508.5900  ext=508.59  calc=2034.36  drift=1525.7700  "ROASTED HALLOW RAPIES 2G 3G 3K BP"
[backfill]     L25  PASS  qty=1  unit=119.3800  ext=119.38  calc=119.38  drift=0.0000  "TOASTED RAPIES MEAT 3K BP 3T"
[backfill]     L26  HOLD  qty=2  unit=95.8100  ext=95.81  calc=191.62  drift=95.8100  "SRIRACHA RAPIES MEAT BP"
[backfill]     L27  PASS  qty=1  unit=35.4100  ext=35.41  calc=35.41  drift=0.0000  "CHICKEN RAPIES MEAT BP"
[backfill]     L28  PASS  qty=1  unit=18.4100  ext=18.41  calc=18.41  drift=0.0000  "SHITS MEAT H"
[backfill]     L29  PASS  qty=1  unit=13.7500  ext=13.75  calc=13.75  drift=0.0000  "DILL FRESH"
[backfill]     L30  PASS  qty=1  unit=13.0500  ext=13.05  calc=13.05  drift=0.0000  "PINEAPPLE GOLDEN FRESH 12 CT"
[backfill]     L31  HOLD  qty=1  unit=12.3900  ext=8.19  calc=12.39  drift=4.2000  "STRAWBERRY FRESH 12 CT"
[backfill]     L32  HOLD  qty=1  unit=3.6300  ext=31.12  calc=3.63  drift=27.4900  "SPINACH JUMBO 3.5 LBS FRESH"
[backfill]     L33  PASS  qty=1  unit=13.4000  ext=13.40  calc=13.40  drift=0.0000  "CILANTRO JUMBO 3.5 LBS FRESH"
[backfill]     L34  PASS  qty=1  unit=32.9800  ext=32.98  calc=32.98  drift=0.0000  "CELERY THE SPANISH 22.6 OZ FRESH"
[backfill]     L35  PASS  qty=1  unit=21.7600  ext=21.76  calc=21.76  drift=0.0000  "CELERY GREEN 2.5 LBS FRESH"
[backfill]     L36  HOLD  qty=2  unit=2.5200  ext=47.47  calc=5.04  drift=42.4300  "CHICKEN THE SPANISH GREEN BAG FRESH"
[backfill]     L37  PASS  qty=1  unit=9.7500  ext=9.75  calc=9.75  drift=0.0000  "DISTRIBUTION FEE"
[backfill]     L38  HOLD  qty=1  unit=12.3900  ext=413.83  calc=12.39  drift=401.4400  "BEEF TENDERLOIN CUT PRIME GRASS FED LO"
[backfill]     L39  HOLD  qty=2  unit=18.2900  ext=789.27  calc=36.58  drift=752.6900  "CHEESE CHEDDAR EXTRA SHARP SLD"
[backfill]     L40  HOLD  qty=2  unit=4.9400  ext=71.68  calc=9.88  drift=61.8000  "COUNTS TOTAL PLEASE THIN CTT"
[backfill]     L41  PASS  qty=2  unit=0.0000  ext=0.00  calc=0.00  drift=0.0000  "POUND TOTAL PLEASE THIN CTT 7.5"
[backfill]     L42  HOLD  qty=3  unit=6.0100  ext=184.39  calc=18.03  drift=166.3600  "BEANS 8 =>>>> CCC 2.9 1/2 THICK"
[backfill]     L43  HOLD  qty=1  unit=23.6500  ext=224.95  calc=23.65  drift=201.3000  "BEEF TENDERLOIN CUT PRIME GRASS FED LO"
[backfill]     L44  HOLD  qty=2  unit=32.8800  ext=657.66  calc=65.76  drift=591.9000  "VENISON RACK 8 LB FRZSHD 0"
[backfill]     L45  PASS  qty=1  unit=65.9500  ext=65.95  calc=65.95  drift=0.0000  "RYS SULTOMATO LARGE LOOSE PK 15 DWR 15 DTR 5.4&+ 4"
[backfill]   RECONCILIATION:
[backfill]     sum(extracted extended_price) = $8050.63
[backfill]     stored total_amount           = $8300.89
[backfill]     diff                          = $-250.26  (MISMATCH)

[backfill] ──── 86472987-5028-4148-9085-4bea41d5a3a3  (Kuna Foodservice #243661-00)  total=$68.38
[backfill]   url(raw): https://drive.google.com/file/d/1Aoo6uTOzjuBssLPx5wvEMpxUUrjVGQyf/view?usp=drivesdk
[backfill]   downloaded 310226 bytes
[backfill]   pdf pages: 1  extracted: 1  type(s): image
[AI Scan] 86472987-5028-4148-9085-4bea41d5a3a3: Extracted 3 line items
[backfill]   PG ai_line_items rows: 3
[backfill]   Sheet AI_LINE_ITEMS "STL - MO" rows for uuid: 3
[backfill]   per-line arithmetic (|qty*unit - ext| <= 2%|ext| + 0.01):
[backfill]     L1  PASS  qty=2  unit=0.0000  ext=0.00  calc=0.00  drift=0.0000  "XTC SPECIAL ORDER & CROSS DOCK ITEMS HB CREDIT PER"
[backfill]     L2  PASS  qty=2  unit=0.0000  ext=0.00  calc=0.00  drift=0.0000  "TF DID NOT NEED OR STOCK IN COOLER WILL B AVAIL 1S"
[backfill]     L3  HOLD  qty=0  unit=62.7200  ext=62.72  calc=0.00  drift=62.7200  "Miscellaneous EVIL PAY BT RD"
[backfill]   RECONCILIATION:
[backfill]     sum(extracted extended_price) = $62.72
[backfill]     stored total_amount           = $68.38
[backfill]     diff                          = $-5.66  (MISMATCH)

[backfill] ──── db46bfd1-2e92-4ffe-bb4b-811a9783fcff  (Fortune Fish & Gourmet #367713-26-06)  total=$111.71
[backfill]   url(raw): https://drive.google.com/file/d/1TiZgLCnBH8XReey91LacHEXpnm8cyKrC/view?usp=drivesdk
[backfill]   downloaded 327464 bytes
[backfill]   pdf pages: 1  extracted: 1  type(s): image
[AI Scan] db46bfd1-2e92-4ffe-bb4b-811a9783fcff: Extracted 1 line items
[backfill]   PG ai_line_items rows: 1
[backfill]   Sheet AI_LINE_ITEMS "STL - MO" rows for uuid: 1
[backfill]   per-line arithmetic (|qty*unit - ext| <= 2%|ext| + 0.01):
[backfill]     L1  PASS  qty=10.45  unit=10.6900  ext=111.71  calc=111.71  drift=0.0005  "Lg Guanciale Americano 4# **La Quercia 3160 2/CS"
[backfill]   RECONCILIATION:
[backfill]     sum(extracted extended_price) = $111.71
[backfill]     stored total_amount           = $111.71
[backfill]     diff                          = $0.00  (MATCH within tol)

[backfill] ──── c35fafff-bfcf-4682-a9ca-3a9b75655bc3  (Fortune Fish & Gourmet #367710-26-06)  total=$769.86
[backfill]   url(raw): https://drive.google.com/file/d/1r14XR_rcMLeP9r_l35ahkS-PnC0hVkyv/view?usp=drivesdk
[backfill]   downloaded 357696 bytes
[backfill]   pdf pages: 1  extracted: 1  type(s): image
[AI Scan] c35fafff-bfcf-4682-a9ca-3a9b75655bc3: Extracted 6 line items
[backfill]   PG ai_line_items rows: 6
[backfill]   Sheet AI_LINE_ITEMS "STL - MO" rows for uuid: 6
[backfill]   per-line arithmetic (|qty*unit - ext| <= 2%|ext| + 0.01):
[backfill]     L1  PASS  qty=1  unit=61.9900  ext=61.99  calc=61.99  drift=0.0000  "PASTA RUS Linguine 12/500g **Rustichella 11102 1.1"
[backfill]     L2  PASS  qty=1  unit=29.9900  ext=29.99  calc=29.99  drift=0.0000  "Sfoglini Radiators Semo 16oz **Organic 6/cs"
[backfill]     L3  PASS  qty=1  unit=45.9900  ext=45.99  calc=45.99  drift=0.0000  "GOCHUJANG CHILE PASTE 00MILK **100z (CASE 6/100z)"
[backfill]     L4  PASS  qty=10  unit=10.8900  ext=108.90  calc=108.90  drift=0.0000  "Nueske Sliced Bacon 12-14 10# **Applewood Smoked 2"
[backfill]     L5  PASS  qty=1  unit=350.0000  ext=350.00  calc=350.00  drift=0.0000  "Port U/10 Dry Scallops Gal Product Origin: United "
[backfill]     L6  PASS  qty=1  unit=172.9900  ext=172.99  calc=172.99  drift=0.0000  "U/15 SHRIMP P&D TAIL ON IQF **4X5# PORT EADS USA H"
[backfill]   RECONCILIATION:
[backfill]     sum(extracted extended_price) = $769.86
[backfill]     stored total_amount           = $769.86
[backfill]     diff                          = $0.00  (MATCH within tol)

[backfill] ──── cc927c4f-e916-4977-93c5-9fc695a1c786  (Fortune Fish & Gourmet #367709-26-06)  total=$360.96
[backfill]   url(raw): https://drive.google.com/file/d/1VFfTEbM0Re1e6JMqKj88mC_Yso8M9vWA/view?usp=drivesdk
[backfill]   downloaded 328092 bytes
[backfill]   pdf pages: 1  extracted: 1  type(s): image
[AI Scan] cc927c4f-e916-4977-93c5-9fc695a1c786: Extracted 6 line items
[backfill]   PG ai_line_items rows: 6
[backfill]   Sheet AI_LINE_ITEMS "STL - MO" rows for uuid: 6
[backfill]   per-line arithmetic (|qty*unit - ext| <= 2%|ext| + 0.01):
[backfill]     L1  PASS  qty=1  unit=20.5900  ext=20.59  calc=20.59  drift=0.0000  "FRESH GLUTEN FREE LINGUINI 9oz **TASTE REPUBLIC 6/"
[backfill]     L2  PASS  qty=1  unit=46.4900  ext=46.49  calc=46.49  drift=0.0000  "**026 Pappardelle 4oz Nested **Severino's Pasta 10"
[backfill]     L3  PASS  qty=1  unit=93.9900  ext=93.99  calc=93.99  drift=0.0000  "PASTA RUS Torchio 26.4# BULK **Rustichella 11150 1"
[backfill]     L4  PASS  qty=1  unit=86.9900  ext=86.99  calc=86.99  drift=0.0000  "Caramel Filled Churro 4/4lb **White Toque #5831"
[backfill]     L5  PASS  qty=10  unit=10.4900  ext=104.90  calc=104.90  drift=0.0000  "NUESKE Sliced Bacon 16-20 10# **Applewood Smoked 2"
[backfill]     L6  PASS  qty=1  unit=8.0000  ext=8.00  calc=8.00  drift=0.0000  "Global Fuel Surcharge"
[backfill]   RECONCILIATION:
[backfill]     sum(extracted extended_price) = $360.96
[backfill]     stored total_amount           = $360.96
[backfill]     diff                          = $0.00  (MATCH within tol)

[backfill] ──── bc3db91d-1cda-4fa6-8d3b-10eb47d504b8  (What Chefs Want #12715275)  total=$79.30
[backfill]   url(raw): https://drive.google.com/file/d/1fOkkdVB9XQM3w1LP4TCjvxzjqcgokqab/view?usp=drivesdk
[backfill]   downloaded 346190 bytes
[backfill]   pdf pages: 1  extracted: 1  type(s): image
[AI Scan] bc3db91d-1cda-4fa6-8d3b-10eb47d504b8: Extracted 2 line items
[backfill]   PG ai_line_items rows: 2
[backfill]   Sheet AI_LINE_ITEMS "STL - MO" rows for uuid: 2
[backfill]   per-line arithmetic (|qty*unit - ext| <= 2%|ext| + 0.01):
[backfill]     L1  PASS  qty=1  unit=33.1500  ext=33.15  calc=33.15  drift=0.0000  "PEAS - SNOW"
[backfill]     L2  PASS  qty=1  unit=46.1500  ext=46.15  calc=46.15  drift=0.0000  "CORN MEAL - WHITE P.A.N."
[backfill]   RECONCILIATION:
[backfill]     sum(extracted extended_price) = $79.30
[backfill]     stored total_amount           = $79.30
[backfill]     diff                          = $0.00  (MATCH within tol)

[backfill] ──── 5dd485cc-0f7f-4d15-a606-17cb3390ac63  (What Chefs Want #12710245)  total=$38.15
[backfill]   url(raw): https://drive.google.com/file/d/1N6mroQ0_Y88P4gwuD9BmsL6ageqOpNdV/view?usp=drivesdk
[backfill]   downloaded 343399 bytes
[backfill]   pdf pages: 1  extracted: 1  type(s): image
[AI Scan] 5dd485cc-0f7f-4d15-a606-17cb3390ac63: Extracted 1 line items
[backfill]   PG ai_line_items rows: 1
[backfill]   Sheet AI_LINE_ITEMS "STL - MO" rows for uuid: 1
[backfill]   per-line arithmetic (|qty*unit - ext| <= 2%|ext| + 0.01):
[backfill]     L1  PASS  qty=1  unit=38.1500  ext=38.15  calc=38.15  drift=0.0000  "SQUASH - ZUCCHINI BABY GREEN"
[backfill]   RECONCILIATION:
[backfill]     sum(extracted extended_price) = $38.15
[backfill]     stored total_amount           = $38.15
[backfill]     diff                          = $0.00  (MATCH within tol)

[backfill] ──── 25e28590-b4bd-4c01-bd77-6bdc05185643  (What Chefs Want #12715251)  total=$239.95
[backfill]   url(raw): https://drive.google.com/file/d/1nuGhWDvg8RwZxdoNpDZebg_NGATOJP5-/view?usp=drivesdk
[backfill]   downloaded 370576 bytes
[backfill]   pdf pages: 1  extracted: 1  type(s): image
[AI Scan] 25e28590-b4bd-4c01-bd77-6bdc05185643: Extracted 8 line items
[backfill]   PG ai_line_items rows: 8
[backfill]   Sheet AI_LINE_ITEMS "STL - MO" rows for uuid: 8
[backfill]   per-line arithmetic (|qty*unit - ext| <= 2%|ext| + 0.01):
[backfill]     L1  PASS  qty=2  unit=9.1500  ext=18.30  calc=18.30  drift=0.0000  "GRAPES - RED SEEDLESS"
[backfill]     L2  PASS  qty=2  unit=11.2000  ext=22.40  calc=22.40  drift=0.0000  "GRAPES - GREEN SEEDLESS"
[backfill]     L3  PASS  qty=6  unit=7.8500  ext=47.10  calc=47.10  drift=0.0000  "ASPARAGUS - JUMBO"
[backfill]     L4  PASS  qty=1  unit=6.5000  ext=6.50  calc=6.50  drift=0.0000  "HERB - LEMONGRASS FRESH"
[backfill]     L5  PASS  qty=3  unit=6.3500  ext=19.05  calc=19.05  drift=0.0000  "SUGAR - GRANULATED FINE 4 LB"
[backfill]     L6  PASS  qty=2  unit=12.1000  ext=24.20  calc=24.20  drift=0.0000  "CORN - WHOLE KERNEL"
[backfill]     L7  PASS  qty=1  unit=28.9500  ext=28.95  calc=28.95  drift=0.0000  "YOGURT - GREEK CHOBANI STRAWBE"
[backfill]     L8  PASS  qty=1  unit=73.4500  ext=73.45  calc=73.45  drift=0.0000  "FLOUR - MASECA REGULAR"
[backfill]   RECONCILIATION:
[backfill]     sum(extracted extended_price) = $239.95
[backfill]     stored total_amount           = $239.95
[backfill]     diff                          = $0.00  (MATCH within tol)

[backfill] ──── 7b45adb1-0d4e-4091-8d4f-beea49c1e637  (What Chefs Want #1479818)  total=$-46.15
[backfill]   url(raw): https://drive.google.com/file/d/1gykbLBAchaCUlTWDEFJL5Uhw7tby1z-B/view?usp=drivesdk
[backfill]   downloaded 337397 bytes
[backfill]   pdf pages: 1  extracted: 1  type(s): image
[AI Scan] 7b45adb1-0d4e-4091-8d4f-beea49c1e637: Extracted 1 line items
[backfill]   PG ai_line_items rows: 1
[backfill]   Sheet AI_LINE_ITEMS "STL - MO" rows for uuid: 1
[backfill]   per-line arithmetic (|qty*unit - ext| <= 2%|ext| + 0.01):
[backfill]     L1  HOLD  qty=1  unit=46.1500  ext=-46.15  calc=46.15  drift=92.3000  "CORN MEAL - WHITE P.A.N"
[backfill]   RECONCILIATION:
[backfill]     sum(extracted extended_price) = $-46.15
[backfill]     stored total_amount           = $-46.15
[backfill]     diff                          = $0.00  (MATCH within tol)

[backfill] ──── 055bedb6-a1e1-4eee-946b-12d9a392be6f  (What Chefs Want #1479661)  total=$-95.85
[backfill]   url(raw): https://drive.google.com/file/d/1ucfeKzZIZ_s0qVWdxD0o5cDo76-BDrWp/view?usp=drivesdk
[backfill]   downloaded 359023 bytes
[backfill]   pdf pages: 1  extracted: 1  type(s): image
[AI Scan] 055bedb6-a1e1-4eee-946b-12d9a392be6f: Extracted 2 line items
[backfill]   PG ai_line_items rows: 2
[backfill]   Sheet AI_LINE_ITEMS "STL - MO" rows for uuid: 2
[backfill]   per-line arithmetic (|qty*unit - ext| <= 2%|ext| + 0.01):
[backfill]     L1  PASS  qty=1  unit=0.0000  ext=0.00  calc=0.00  drift=0.0000  "PEAS - SNOW"
[backfill]     L2  PASS  qty=1  unit=0.0000  ext=0.00  calc=0.00  drift=0.0000  "OATS - ROLLED"
[backfill]   RECONCILIATION:
[backfill]     sum(extracted extended_price) = $0.00
[backfill]     stored total_amount           = $-95.85
[backfill]     diff                          = $95.85  (MISMATCH)

[backfill] ──── 3807f660-3f88-4c82-8003-63d692e05154  (What Chefs Want #12707079)  total=$137.00
[backfill]   url(raw): https://drive.google.com/file/d/1RuA1tHdt3Vkz1XxUUgN7z33uscZa620X/view?usp=drivesdk
[backfill]   downloaded 366316 bytes
[backfill]   pdf pages: 1  extracted: 1  type(s): image
[AI Scan] 3807f660-3f88-4c82-8003-63d692e05154: Extracted 3 line items
[backfill]   PG ai_line_items rows: 3
[backfill]   Sheet AI_LINE_ITEMS "STL - MO" rows for uuid: 3
[backfill]   per-line arithmetic (|qty*unit - ext| <= 2%|ext| + 0.01):
[backfill]     L1  PASS  qty=1  unit=88.1500  ext=88.15  calc=88.15  drift=0.0000  "LETTUCE - ROMAINE HEARTS"
[backfill]     L2  PASS  qty=1  unit=30.7000  ext=30.70  calc=30.70  drift=0.0000  "SPRING MIX - ORGANIC SWEET"
[backfill]     L3  PASS  qty=1  unit=18.1500  ext=18.15  calc=18.15  drift=0.0000  "CUCUMBERS - SEEDLESS ENGLISH"
[backfill]   RECONCILIATION:
[backfill]     sum(extracted extended_price) = $137.00
[backfill]     stored total_amount           = $137.00
[backfill]     diff                          = $0.00  (MATCH within tol)

[backfill] ──── d19bf6db-de1d-4bbb-930c-80a672d5d9c8  (What Chefs Want #12710246)  total=$2649.70
[backfill]   url(raw): https://drive.google.com/file/d/1xEJVOOe1c02FNmaG90965EBQYT1xPcO9/view?usp=drivesdk
[backfill]   downloaded 1348328 bytes
[backfill]   pdf pages: 3  extracted: 3  type(s): image
[AI Scan] d19bf6db-de1d-4bbb-930c-80a672d5d9c8: Extracted 75 line items
[backfill]   PG ai_line_items rows: 75
[backfill]   Sheet AI_LINE_ITEMS "STL - MO" rows for uuid: 75
[backfill]   per-line arithmetic (|qty*unit - ext| <= 2%|ext| + 0.01):
[backfill]     L1  PASS  qty=6  unit=3.9900  ext=24.15  calc=23.94  drift=0.2100  "BOK CHOY - BABY"
[backfill]     L2  PASS  qty=45.5  unit=2.1000  ext=95.55  calc=95.55  drift=0.0000  "CABBAGE - NAPA"
[backfill]     L3  PASS  qty=5  unit=4.2000  ext=21.00  calc=21.00  drift=0.0000  "PEPPERS - JALAPENO"
[backfill]     L4  PASS  qty=1  unit=8.6000  ext=8.60  calc=8.60  drift=0.0000  "CARROT - MATCHSTICK"
[backfill]     L5  PASS  qty=2  unit=19.5500  ext=39.10  calc=39.10  drift=0.0000  "CAULIFLOWER - FLORETS"
[backfill]     L6  PASS  qty=1  unit=31.4500  ext=31.45  calc=31.45  drift=0.0000  "ONIONS - PEELED CIPOLINI"
[backfill]     L7  PASS  qty=3  unit=4.4500  ext=13.35  calc=13.35  drift=0.0000  "LEEKS - NUMBER 1"
[backfill]     L8  PASS  qty=1  unit=24.2000  ext=24.20  calc=24.20  drift=0.0000  "SHALLOTS - PEELED"
[backfill]     L9  PASS  qty=1  unit=27.2000  ext=27.20  calc=27.20  drift=0.0000  "GARLIC - PEELED"
[backfill]     L10  PASS  qty=1  unit=19.2000  ext=19.20  calc=19.20  drift=0.0000  "CILANTRO - MICRO"
[backfill]     L11  PASS  qty=1  unit=7.5500  ext=7.55  calc=7.55  drift=0.0000  "GINGER ROOT"
[backfill]     L12  PASS  qty=2  unit=12.7500  ext=25.50  calc=25.50  drift=0.0000  "LIMES"
[backfill]     L13  PASS  qty=3  unit=7.6000  ext=22.80  calc=22.80  drift=0.0000  "LEMONS"
[backfill]     L14  PASS  qty=1  unit=8.1000  ext=8.10  calc=8.10  drift=0.0000  "ORANGES"
[backfill]     L15  PASS  qty=2  unit=10.1500  ext=20.30  calc=20.30  drift=0.0000  "APPLE - FUJI"
[backfill]     L16  PASS  qty=4  unit=3.9000  ext=15.60  calc=15.60  drift=0.0000  "LETTUCE - HYDRO BUTTER BOSTON"
[backfill]     L17  PASS  qty=5  unit=5.7500  ext=28.75  calc=28.75  drift=0.0000  "BEANS - HARICOT VERT CLIPPED"
[backfill]     L18  PASS  qty=10  unit=1.2200  ext=12.20  calc=12.20  drift=0.0000  "CORN - BI COLOR/YELLOW"
[backfill]     L19  PASS  qty=2  unit=15.7500  ext=31.50  calc=31.50  drift=0.0000  "SOUR CREAM"
[backfill]     L20  PASS  qty=2  unit=14.3500  ext=28.70  calc=28.70  drift=0.0000  "COTTAGE CHEESE"
[backfill]     L21  PASS  qty=1  unit=41.1000  ext=41.10  calc=41.10  drift=0.0000  "CHEESE - PARMESAN GRATED FRSH"
[backfill]     L22  PASS  qty=1  unit=34.1000  ext=34.10  calc=34.10  drift=0.0000  "CHEESE - PARMESAN SHAVED"
[backfill]     L23  PASS  qty=1  unit=19.6000  ext=19.60  calc=19.60  drift=0.0000  "CHEESE - MOZZARELLA BOCCONCINI"
[backfill]     L24  PASS  qty=5  unit=3.4500  ext=17.25  calc=17.25  drift=0.0000  "PASTA - TORTOGLIONI/RIGATONI"
[backfill]     L25  PASS  qty=2  unit=15.1000  ext=30.20  calc=30.20  drift=0.0000  "PEANUT BUTTER - CREAMY TUB"
[backfill]     L26  PASS  qty=3  unit=14.7000  ext=44.10  calc=44.10  drift=0.0000  "PEACHES - DICED XLS CANNED"
[backfill]     L27  PASS  qty=1  unit=31.1000  ext=31.10  calc=31.10  drift=0.0000  "HUMMUS - ROASTED GARLIC KRONOS"
[backfill]     L28  PASS  qty=1  unit=11.5500  ext=11.55  calc=11.55  drift=0.0000  "SHALLOTS - FRIED"
[backfill]     L29  HOLD  qty=1  unit=3.5500  ext=7.10  calc=3.55  drift=3.5500  "TOFU - FIRM"
[backfill]     L30  HOLD  qty=2  unit=11.5500  ext=11.55  calc=23.10  drift=11.5500  "HORSERADISH - PREPARED"
[backfill]     L31  PASS  qty=1  unit=28.1000  ext=28.10  calc=28.10  drift=0.0000  "HOT SAUCE - FRANK'S RED HOT"
[backfill]     L32  PASS  qty=2  unit=39.3000  ext=78.60  calc=78.60  drift=0.0000  "PEPPERS - PEPPADEW"
[backfill]     L33  PASS  qty=2  unit=11.3500  ext=22.70  calc=22.70  drift=0.0000  "KIMCHEE"
[backfill]     L34  PASS  qty=2  unit=11.2500  ext=22.50  calc=22.50  drift=0.0000  "MISO - WHITE"
[backfill]     L35  PASS  qty=1  unit=28.3500  ext=28.35  calc=28.35  drift=0.0000  "SHOYU - WHITE SHIRO"
[backfill]     L36  PASS  qty=1  unit=44.3500  ext=44.35  calc=44.35  drift=0.0000  "OLIVES - QUEEN PITTED BAR"
[backfill]     L37  PASS  qty=1  unit=9.5500  ext=9.55  calc=9.55  drift=0.0000  "SPICE - FURIKAKE NORI ELAJI"
[backfill]     L38  PASS  qty=1  unit=24.8500  ext=24.85  calc=24.85  drift=0.0000  "BEANS - GIGANDE IN VINAIGRETTE"
[backfill]     L39  PASS  qty=2  unit=12.5500  ext=25.10  calc=25.10  drift=0.0000  "CAPERS - NONPAREIL"
[backfill]     L40  PASS  qty=1  unit=11.6000  ext=11.60  calc=11.60  drift=0.0000  "CAPER - BERRIES"
[backfill]     L41  PASS  qty=1  unit=13.3500  ext=13.35  calc=13.35  drift=0.0000  "BAMBOO PICK - WITH LOOP 4""
[backfill]     L42  PASS  qty=1  unit=30.1500  ext=30.15  calc=30.15  drift=0.0000  "PEPPERS - POBLANO"
[backfill]     L43  PASS  qty=1  unit=33.1500  ext=33.15  calc=33.15  drift=0.0000  "SPINACH - FLAT LEAF"
[backfill]     L44  PASS  qty=1  unit=23.1500  ext=23.15  calc=23.15  drift=0.0000  "ARUGULA - BABY CLEANED"
[backfill]     L45  PASS  qty=1  unit=18.1500  ext=18.15  calc=18.15  drift=0.0000  "CUCUMBERS - SEEDLESS- ENGLISH"
[backfill]     L46  PASS  qty=1  unit=29.5000  ext=29.50  calc=29.50  drift=0.0000  "HERB - CILANTRO FRESH BUNCH"
[backfill]     L47  PASS  qty=1  unit=38.9500  ext=38.95  calc=38.95  drift=0.0000  "HERB - PARSLEY ITALIAN (FLAT)"
[backfill]     L48  PASS  qty=1  unit=47.7000  ext=47.70  calc=47.70  drift=0.0000  "CAULIFLOWER - BABY FLORENTINO"
[backfill]     L49  PASS  qty=1  unit=58.1500  ext=58.15  calc=58.15  drift=0.0000  "CAULIFLOWER - ROMANESCO"
[backfill]     L50  PASS  qty=1  unit=29.1500  ext=29.15  calc=29.15  drift=0.0000  "ONIONS - RED JUMBO PREMIUM"
[backfill]     L51  PASS  qty=1  unit=34.7000  ext=34.70  calc=34.70  drift=0.0000  "ONIONS - YELLOW JUMBO PREMIUM"
[backfill]     L52  PASS  qty=1  unit=28.4500  ext=28.45  calc=28.45  drift=0.0000  "MUSHROOMS - OYSTER"
[backfill]     L53  PASS  qty=2  unit=33.4500  ext=66.90  calc=66.90  drift=0.0000  "MUSHROOMS - SHIITAKE CAPS"
[backfill]     L54  PASS  qty=1  unit=33.1500  ext=33.15  calc=33.15  drift=0.0000  "PEAS - SNOW"
[backfill]     L55  PASS  qty=1  unit=34.1500  ext=34.15  calc=34.15  drift=0.0000  "POTATO - YUKON B SIZE"
[backfill]     L56  PASS  qty=1  unit=44.7000  ext=44.70  calc=44.70  drift=0.0000  "MELONS - HEIRLOOM MIXED"
[backfill]     L57  PASS  qty=1  unit=43.1500  ext=43.15  calc=43.15  drift=0.0000  "WATERMELON - RED SEEDLESS"
[backfill]     L58  PASS  qty=1  unit=45.7000  ext=45.70  calc=45.70  drift=0.0000  "TOMATO - 5X6"
[backfill]     L59  PASS  qty=1  unit=63.7000  ext=63.70  calc=63.70  drift=0.0000  "TOMATO - CHERRY/HEIRLOOM"
[backfill]     L60  PASS  qty=1  unit=35.7000  ext=35.70  calc=35.70  drift=0.0000  "SLAW MIX - BROCCOLI"
[backfill]     L61  PASS  qty=1  unit=24.8400  ext=24.84  calc=24.84  drift=0.0000  "PICO DE GALLO FRSH"
[backfill]     L62  PASS  qty=1  unit=62.1500  ext=62.15  calc=62.15  drift=0.0000  "AVOCADO - #1 BREAKING"
[backfill]     L63  PASS  qty=1  unit=35.1500  ext=35.15  calc=35.15  drift=0.0000  "KIWI FRUIT - NUMBER 1"
[backfill]     L64  PASS  qty=1  unit=52.1500  ext=52.15  calc=52.15  drift=0.0000  "BROCCOLI - FLORETS"
[backfill]     L65  PASS  qty=1  unit=57.7000  ext=57.70  calc=57.70  drift=0.0000  "BROCCOLINI - BABY BROCCOLI"
[backfill]     L66  PASS  qty=1  unit=31.1500  ext=31.15  calc=31.15  drift=0.0000  "SQUASH - YELLOW MEDIUM"
[backfill]     L67  PASS  qty=1  unit=31.1500  ext=31.15  calc=31.15  drift=0.0000  "SQUASH - ZUCCHINI MEDIUM"
[backfill]     L68  PASS  qty=1  unit=96.3000  ext=96.30  calc=96.30  drift=0.0000  "BEEF - PATTIES 4OZ BLACK HAWK"
[backfill]     L69  PASS  qty=1  unit=77.1500  ext=77.15  calc=77.15  drift=0.0000  "YUCA - PEELED FROZEN"
[backfill]     L70  PASS  qty=1  unit=44.2100  ext=44.21  calc=44.21  drift=0.0000  "PESTO - SAUCE NUT FREE W/BASIL"
[backfill]     L71  PASS  qty=1  unit=32.9500  ext=32.95  calc=32.95  drift=0.0000  "TORTILLA - FLOUR MIJA 6""
[backfill]     L72  PASS  qty=1  unit=62.7000  ext=62.70  calc=62.70  drift=0.0000  "OATS - ROLLED"
[backfill]     L73  PASS  qty=1  unit=19.9500  ext=19.95  calc=19.95  drift=0.0000  "PERFECT PUREE - PINK GUAVA"
[backfill]     L74  PASS  qty=1  unit=46.1500  ext=46.15  calc=46.15  drift=0.0000  "CORN MEAL - WHITE P.A.N"
[backfill]     L75  PASS  qty=1  unit=176.2000  ext=176.20  calc=176.20  drift=0.0000  "BONEWERKS VEAL DEMI REDUCTION"
[backfill]   RECONCILIATION:
[backfill]     sum(extracted extended_price) = $2649.75
[backfill]     stored total_amount           = $2649.70
[backfill]     diff                          = $0.05  (MATCH within tol)

[backfill] ──── 38249dd3-1ed7-4ccf-8f90-e8d8a797b9f0  (Rolling Lawn Farms #130060)  total=$185.16
[backfill]   url(raw): https://drive.google.com/file/d/1rLJXVS9I9cKXW9CLoqI-TmxtFQVIkPYw/view?usp=drivesdk
[backfill]   downloaded 329425 bytes
[backfill]   pdf pages: 1  extracted: 1  type(s): image
[AI Scan] 38249dd3-1ed7-4ccf-8f90-e8d8a797b9f0: Extracted 6 line items
[backfill]   PG ai_line_items rows: 6
[backfill]   Sheet AI_LINE_ITEMS "STL - MO" rows for uuid: 6
[backfill]   per-line arithmetic (|qty*unit - ext| <= 2%|ext| + 0.01):
[backfill]     L1  PASS  qty=4  unit=3.9900  ext=15.96  calc=15.96  drift=0.0000  "Chocolate Milk - 64 oz."
[backfill]     L2  PASS  qty=2  unit=3.1300  ext=6.26  calc=6.26  drift=0.0000  "2% Milk - 64 oz."
[backfill]     L3  PASS  qty=6  unit=4.9900  ext=29.94  calc=29.94  drift=0.0000  "Whole Milk - Gallon"
[backfill]     L4  PASS  qty=16  unit=7.3400  ext=117.44  calc=117.44  drift=0.0000  "Heavy Cream - 32 oz."
[backfill]     L5  PASS  qty=4  unit=3.8900  ext=15.56  calc=15.56  drift=0.0000  "Buttermilk - 32 oz"
[backfill]     L6  PASS  qty=20  unit=0.0000  ext=0.00  calc=0.00  drift=0.0000  "Chocolate Milk - 12 oz."
[backfill]   RECONCILIATION:
[backfill]     sum(extracted extended_price) = $185.16
[backfill]     stored total_amount           = $185.16
[backfill]     diff                          = $0.00  (MATCH within tol)

[backfill] ──── 7287290f-1b7b-457d-a56f-a2c4302b8ff6  (Grey Eagle #645991)  total=$1673.75
[backfill]   url(raw): https://drive.google.com/file/d/1nSVPrWa6SSox9sVSTj9-zECKUMeKDyPV/view?usp=drivesdk
[backfill]   downloaded 436432 bytes
[backfill]   pdf pages: 1  extracted: 1  type(s): image
[AI Scan] 7287290f-1b7b-457d-a56f-a2c4302b8ff6: Extracted 4 line items
[backfill]   PG ai_line_items rows: 4
[backfill]   Sheet AI_LINE_ITEMS "STL - MO" rows for uuid: 4
[backfill]   per-line arithmetic (|qty*unit - ext| <= 2%|ext| + 0.01):
[backfill]     L1  HOLD  qty=91  unit=20.3000  ext=1437.80  calc=1847.30  drift=409.5000  "ESSENTIA 1202 12P"
[backfill]     L2  PASS  qty=3  unit=21.4500  ext=64.35  calc=64.35  drift=0.0000  "QUAC COCO 12P CH"
[backfill]     L3  PASS  qty=4  unit=21.4500  ext=85.80  calc=85.80  drift=0.0000  "QUAC PINEAPPLE 12P"
[backfill]     L4  PASS  qty=4  unit=21.4500  ext=85.80  calc=85.80  drift=0.0000  "QUAC CHOCOLATE 12P"
[backfill]   RECONCILIATION:
[backfill]     sum(extracted extended_price) = $1673.75
[backfill]     stored total_amount           = $1673.75
[backfill]     diff                          = $-0.00  (MATCH within tol)

[backfill] ──── 7f8b073d-31ef-4336-bff5-dfb73f3cb0f7  (Lohr Distribution #2834299)  total=$2778.90
[backfill]   url(raw): https://drive.google.com/file/d/11B8VpSODah4PnXIsV43eMbcHPLSEhbc3/view?usp=drivesdk
[backfill]   downloaded 321594 bytes
[backfill]   pdf pages: 1  extracted: 1  type(s): image
[AI Scan] 7f8b073d-31ef-4336-bff5-dfb73f3cb0f7: Extracted 3 line items
[backfill]   PG ai_line_items rows: 3
[backfill]   Sheet AI_LINE_ITEMS "STL - MO" rows for uuid: 3
[backfill]   per-line arithmetic (|qty*unit - ext| <= 2%|ext| + 0.01):
[backfill]     L1  PASS  qty=99  unit=25.6000  ext=2534.40  calc=2534.40  drift=0.0000  "Icelandic 330 ML Bottle 30Pk"
[backfill]     L2  PASS  qty=2  unit=24.4500  ext=48.90  calc=48.90  drift=0.0000  "Fitz's Root Beer 6/4/12 BTL"
[backfill]     L3  PASS  qty=8  unit=24.4500  ext=195.60  calc=195.60  drift=0.0000  "Fitz's Cream Soda 6/4/12 BTL"
[backfill]   RECONCILIATION:
[backfill]     sum(extracted extended_price) = $2778.90
[backfill]     stored total_amount           = $2778.90
[backfill]     diff                          = $0.00  (MATCH within tol)

[backfill] ──── 7d1de642-9a99-4ad6-8886-acf53406d68a  (Truly Good Foods #25091695)  total=$911.70
[backfill]   url(raw): https://drive.google.com/file/d/10CqSuufUyBAUF-cpu56b9jrBMio7cX62/view?usp=drivesdk
[backfill]   downloaded 708171 bytes
[backfill]   pdf pages: 2  extracted: 2  type(s): image
[AI Scan] 7d1de642-9a99-4ad6-8886-acf53406d68a: Extracted 21 line items
[backfill]   PG ai_line_items rows: 21
[backfill]   Sheet AI_LINE_ITEMS "STL - MO" rows for uuid: 21
[backfill]   per-line arithmetic (|qty*unit - ext| <= 2%|ext| + 0.01):
[backfill]     L1  PASS  qty=1  unit=63.5900  ext=63.59  calc=63.59  drift=0.0000  "SUNBURST MINI BAGS 120/1.5 OZ"
[backfill]     L2  PASS  qty=1  unit=108.0000  ext=108.00  calc=108.00  drift=0.0000  "CHOCOLATE RAISINS MINI BAGS 120/1.5 OZ"
[backfill]     L3  PASS  qty=2  unit=14.6300  ext=29.26  calc=29.26  drift=0.0000  "PRINGLES ORIGINAL 12/1.3 OZ"
[backfill]     L4  PASS  qty=1  unit=14.6300  ext=14.63  calc=14.63  drift=0.0000  "PRINGLE SOUR CREAM & ONION 12/1.41 OZ"
[backfill]     L5  PASS  qty=2  unit=14.6300  ext=29.26  calc=29.26  drift=0.0000  "PRINGLES CHEDDAR 12/1.41 OZ"
[backfill]     L6  PASS  qty=2  unit=14.6300  ext=29.26  calc=29.26  drift=0.0000  "PRINGLES BARBECUE 12/1.4 OZ"
[backfill]     L7  PASS  qty=1  unit=39.9300  ext=39.93  calc=39.93  drift=0.0000  "SIETE CHIPOTLE BBQ KETTLE COOKED CHIP 24/1.5OZ"
[backfill]     L8  PASS  qty=1  unit=39.9300  ext=39.93  calc=39.93  drift=0.0000  "SIETE SEA SALT & VINEGAR KETTLE COOKED CHIP 24/1.5"
[backfill]     L9  PASS  qty=1  unit=35.2800  ext=35.28  calc=35.28  drift=0.0000  "BOOMCHICKAPOP, SEA SALT 24/.6OZ"
[backfill]     L10  PASS  qty=1  unit=35.2800  ext=35.28  calc=35.28  drift=0.0000  "BOOMCHICKAPOP SWEET & SALTY KETTLE CORN 24/1 OZ"
[backfill]     L11  PASS  qty=1  unit=44.2500  ext=44.25  calc=44.25  drift=0.0000  "STELLAR MINI PRETZEL BRAID SIMPLY STELLAR 24/1.5 O"
[backfill]     L12  PASS  qty=2  unit=44.2500  ext=88.50  calc=88.50  drift=0.0000  "STELLAR MINI PRETZEL BRAID BOLD & HERBY 24/1.5 OZ"
[backfill]     L13  PASS  qty=1  unit=44.2500  ext=44.25  calc=44.25  drift=0.0000  "STELLAR MINI PRETZEL BRAID SWEET & SPARKY 24/1.5 O"
[backfill]     L14  PASS  qty=2  unit=26.6300  ext=53.26  calc=53.26  drift=0.0000  "CLIF BAR CHOCOLATE CHIP 12CT/2.4 OZ"
[backfill]     L15  PASS  qty=1  unit=190.3300  ext=190.33  calc=190.33  drift=0.0000  "HERSHEY HODGE-PODGE, 25LB"
[backfill]     L16  PASS  qty=1  unit=45.2500  ext=45.25  calc=45.25  drift=0.0000  "SOLELY FRUIT GUMMIES, MANGO PASSION FRUIT 12/2.5 O"
[backfill]     L17  PASS  qty=1  unit=45.2500  ext=45.25  calc=45.25  drift=0.0000  "SOLELY FRUIT GUMMIES MANGO GUAVA 12/2.5 OZ"
[backfill]     L18  PASS  qty=1  unit=41.6300  ext=41.63  calc=41.63  drift=0.0000  "LINDOR BALLS CARAMEL 60 CT"
[backfill]     L19  PASS  qty=1  unit=41.6300  ext=41.63  calc=41.63  drift=0.0000  "LINDOR BALL DARK 60 CT"
[backfill]     L20  PASS  qty=1  unit=41.6300  ext=41.63  calc=41.63  drift=0.0000  "LINDOR BALL MILK 60 CT"
[backfill]     L21  PASS  qty=1  unit=41.6300  ext=41.63  calc=41.63  drift=0.0000  "LINDOR BALLS SEA SALT 60 CT"
[backfill]   RECONCILIATION:
[backfill]     sum(extracted extended_price) = $1102.03
[backfill]     stored total_amount           = $911.70
[backfill]     diff                          = $190.33  (MISMATCH)

[backfill] ──── 759336e7-dd4a-40ab-8c8a-1897b281b429  (Fortune Fish & Gourmet #368172-26-06)  total=$42.58
[backfill]   url(raw): https://drive.google.com/file/d/1Zk7l1X7BL0JsQ3-tsIF69nxMw4ZDnajQ/view?usp=drivesdk
[backfill]   downloaded 296067 bytes
[backfill]   pdf pages: 1  extracted: 1  type(s): image
[AI Scan] 759336e7-dd4a-40ab-8c8a-1897b281b429: Extracted 2 line items
[backfill]   PG ai_line_items rows: 2
[backfill]   Sheet AI_LINE_ITEMS "STL - MO" rows for uuid: 2
[backfill]   per-line arithmetic (|qty*unit - ext| <= 2%|ext| + 0.01):
[backfill]     L1  PASS  qty=2  unit=17.2900  ext=34.58  calc=34.58  drift=0.0000  "Yuzu Ponzu Unfiltered 6/750ml **WAI Yakami 3600"
[backfill]     L2  PASS  qty=1  unit=8.0000  ext=8.00  calc=8.00  drift=0.0000  "Global Fuel Surcharge"
[backfill]   RECONCILIATION:
[backfill]     sum(extracted extended_price) = $42.58
[backfill]     stored total_amount           = $42.58
[backfill]     diff                          = $0.00  (MATCH within tol)

[backfill] ──── d879efb3-76f3-49fe-8f14-af851348e71e  (Fortune Fish & Gourmet #368173-26-06)  total=$271.02
[backfill]   url(raw): https://drive.google.com/file/d/1MCFJWC9CfTApCvGGlR6s3kV4dryxQBMp/view?usp=drivesdk
[backfill]   downloaded 339198 bytes
[backfill]   pdf pages: 1  extracted: 1  type(s): image
[AI Scan] d879efb3-76f3-49fe-8f14-af851348e71e: Extracted 4 line items
[backfill]   PG ai_line_items rows: 4
[backfill]   Sheet AI_LINE_ITEMS "STL - MO" rows for uuid: 4
[backfill]   per-line arithmetic (|qty*unit - ext| <= 2%|ext| + 0.01):
[backfill]     L1  PASS  qty=2  unit=17.2900  ext=34.58  calc=34.58  drift=0.0000  "Yuzu Ponzu Unfiltered 6/750ml **WAI Yakami 3600"
[backfill]     L2  PASS  qty=12  unit=5.2900  ext=63.48  calc=63.48  drift=0.0000  "Sweet Chili Sauce 32oz **12/cs Mae Ploy Brand"
[backfill]     L3  PASS  qty=1  unit=42.4900  ext=42.49  calc=42.49  drift=0.0000  "Di Stefano 4oz Burrata 12/4oz **12/100C 12/4oz cas"
[backfill]     L4  PASS  qty=3  unit=43.4900  ext=130.47  calc=130.47  drift=0.0000  "Water Saniol Sprkling 330ml **Sant Aniol 24/cs"
[backfill]   RECONCILIATION:
[backfill]     sum(extracted extended_price) = $271.02
[backfill]     stored total_amount           = $271.02
[backfill]     diff                          = $0.00  (MATCH within tol)

[backfill] ──── 50027663-bffa-43c2-9de1-c6ebeecb7aad  (City Seafood #INV25507)  total=$628.27
[backfill]   url(raw): https://drive.google.com/file/d/1kG0vvLKKsPIVDnX1Kaz1yBItdCLKAFMj/view?usp=drivesdk
[backfill]   downloaded 272478 bytes
[backfill]   pdf pages: 1  extracted: 1  type(s): image
[AI Scan] 50027663-bffa-43c2-9de1-c6ebeecb7aad: Extracted 5 line items
[backfill]   PG ai_line_items rows: 5
[backfill]   Sheet AI_LINE_ITEMS "STL - MO" rows for uuid: 5
[backfill]   per-line arithmetic (|qty*unit - ext| <= 2%|ext| + 0.01):
[backfill]     L1  PASS  qty=0  unit=19.9900  ext=0.00  calc=0.00  drift=0.0000  "SWORD LOIN SKLS BL/OUT"
[backfill]     L2  PASS  qty=9.5  unit=22.9900  ext=218.41  calc=218.40  drift=0.0050  "STRIPED BASS FILET SKLS"
[backfill]     L3  PASS  qty=2  unit=43.9900  ext=87.98  calc=87.98  drift=0.0000  "LOBSTER MT C&K CAN 6/2"
[backfill]     L4  PASS  qty=6.15  unit=17.9900  ext=110.64  calc=110.64  drift=0.0015  "SNOW CRAB CLSTR-5-8"
[backfill]     L5  PASS  qty=5  unit=42.2500  ext=211.25  calc=211.25  drift=0.0000  "CRABMEAT COL J LUMP P HAIKU"
[backfill]   RECONCILIATION:
[backfill]     sum(extracted extended_price) = $628.28
[backfill]     stored total_amount           = $628.27
[backfill]     diff                          = $0.01  (MATCH within tol)

[backfill] ──── ae4d0b6a-f26c-4a05-8157-70e00bf045f0  (City Seafood #INV25525)  total=$163.10
[backfill]   url(raw): https://drive.google.com/file/d/106TCN6ykeqIDH4_I7jjr400TNt08rOPF/view?usp=drivesdk
[backfill]   downloaded 220172 bytes
[backfill]   pdf pages: 1  extracted: 1  type(s): image
[AI Scan] ae4d0b6a-f26c-4a05-8157-70e00bf045f0: Extracted 1 line items
[backfill]   PG ai_line_items rows: 1
[backfill]   Sheet AI_LINE_ITEMS "STL - MO" rows for uuid: 1
[backfill]   per-line arithmetic (|qty*unit - ext| <= 2%|ext| + 0.01):
[backfill]     L1  PASS  qty=10.2  unit=15.9900  ext=163.10  calc=163.10  drift=0.0020  "SALMON PORTIONS 4 OZ"
[backfill]   RECONCILIATION:
[backfill]     sum(extracted extended_price) = $163.10
[backfill]     stored total_amount           = $163.10
[backfill]     diff                          = $0.00  (MATCH within tol)

[backfill] ──── d028dbf9-6e3a-46da-87aa-b8d57da4f69a  (City Seafood #INV25406)  total=$1123.01
[backfill]   url(raw): https://drive.google.com/file/d/1ShH94PgLKPsjN1FIFxxx_MUz_z4FXiDX/view?usp=drivesdk
[backfill]   downloaded 251549 bytes
[backfill]   pdf pages: 1  extracted: 1  type(s): image
[AI Scan] d028dbf9-6e3a-46da-87aa-b8d57da4f69a: Extracted 5 line items
[backfill]   PG ai_line_items rows: 5
[backfill]   Sheet AI_LINE_ITEMS "STL - MO" rows for uuid: 5
[backfill]   per-line arithmetic (|qty*unit - ext| <= 2%|ext| + 0.01):
[backfill]     L1  PASS  qty=10.6  unit=12.9900  ext=137.69  calc=137.69  drift=0.0040  "COD FILET ALASKA"
[backfill]     L2  PASS  qty=9.75  unit=27.9900  ext=272.90  calc=272.90  drift=0.0025  "GROUPER RED FILET SKLS"
[backfill]     L3  PASS  qty=10.9  unit=22.9900  ext=250.59  calc=250.59  drift=0.0010  "STRIPED BASS FILET SKLS"
[backfill]     L4  PASS  qty=12  unit=24.9900  ext=299.88  calc=299.88  drift=0.0000  "TUNA Y-FIN 60+ #1 100%"
[backfill]     L5  PASS  qty=6  unit=26.9900  ext=161.94  calc=161.94  drift=0.0000  "PETITE JUMBO LUMP HAIKU"
[backfill]   RECONCILIATION:
[backfill]     sum(extracted extended_price) = $1123.00
[backfill]     stored total_amount           = $1123.01
[backfill]     diff                          = $-0.01  (MATCH within tol)

[backfill] ──── 3bd6811a-e0f1-4c31-92d4-3158ae43d8f2  (Kuna Foodservice #244833-00)  total=$129.36
[backfill]   url(raw): https://drive.google.com/file/d/1pgNq0Q1AAGdCaxym-wCTvEbXnneSQJgc/view?usp=drivesdk
[backfill]   downloaded 347856 bytes
[backfill]   pdf pages: 1  extracted: 1  type(s): image
[AI Scan] 3bd6811a-e0f1-4c31-92d4-3158ae43d8f2: Extracted 4 line items
[backfill]   PG ai_line_items rows: 4
[backfill]   Sheet AI_LINE_ITEMS "STL - MO" rows for uuid: 4
[backfill]   per-line arithmetic (|qty*unit - ext| <= 2%|ext| + 0.01):
[backfill]     L1  PASS  qty=98.2  unit=2.0700  ext=203.27  calc=203.27  drift=0.0040  "CHICKEN THIGH BONELESS ****"
[backfill]     L2  PASS  qty=98.28  unit=2.0700  ext=203.44  calc=203.44  drift=0.0004  "CHICKEN THIGH SPLIT ****"
[backfill]     L3  PASS  qty=98.2  unit=1.0200  ext=100.16  calc=100.16  drift=0.0040  "GIZZARD HEART SPLIT ****"
[backfill]     L4  PASS  qty=24.07  unit=1.0200  ext=24.55  calc=24.55  drift=0.0014  "CHICKEN WINGETTES"
[backfill]   RECONCILIATION:
[backfill]     sum(extracted extended_price) = $531.42
[backfill]     stored total_amount           = $129.36
[backfill]     diff                          = $402.06  (MISMATCH)

[backfill] ──── 44e30dbd-f796-4d85-80ab-8650902854dc  (What Chefs Want #12710247)  total=$29.20
[backfill]   url(raw): https://drive.google.com/file/d/1KIZimhvm6Q75z1utEkrbOJBsg4yLN4V_/view?usp=drivesdk
[backfill]   downloaded 302227 bytes
[backfill]   pdf pages: 1  extracted: 1  type(s): image
[AI Scan] 44e30dbd-f796-4d85-80ab-8650902854dc: Extracted 1 line items
[backfill]   PG ai_line_items rows: 1
[backfill]   Sheet AI_LINE_ITEMS "STL - MO" rows for uuid: 1
[backfill]   per-line arithmetic (|qty*unit - ext| <= 2%|ext| + 0.01):
[backfill]     L1  PASS  qty=1  unit=29.2000  ext=29.20  calc=29.20  drift=0.0000  "RADISH - RUBY MICRO FIREWORKS"
[backfill]   RECONCILIATION:
[backfill]     sum(extracted extended_price) = $29.20
[backfill]     stored total_amount           = $29.20
[backfill]     diff                          = $0.00  (MATCH within tol)

[backfill] ──── b64668e3-db4b-4903-80a1-b5417ddf269e  (What Chefs Want #12719288)  total=$312.05
[backfill]   url(raw): https://drive.google.com/file/d/1FdMergcrpoPEFn-h828UbWhYlKlaWgwa/view?usp=drivesdk
[backfill]   downloaded 317238 bytes
[backfill]   pdf pages: 1  extracted: 1  type(s): image
[AI Scan] b64668e3-db4b-4903-80a1-b5417ddf269e: Extracted 8 line items
[backfill]   PG ai_line_items rows: 8
[backfill]   Sheet AI_LINE_ITEMS "STL - MO" rows for uuid: 8
[backfill]   per-line arithmetic (|qty*unit - ext| <= 2%|ext| + 0.01):
[backfill]     L1  PASS  qty=1  unit=15.9000  ext=15.90  calc=15.90  drift=0.0000  "ONIONS - GREEN ICELESS"
[backfill]     L2  PASS  qty=2  unit=9.1000  ext=18.20  calc=18.20  drift=0.0000  "TOMATO - IV DICED ITALIAN"
[backfill]     L3  PASS  qty=3  unit=24.3500  ext=73.05  calc=73.05  drift=0.0000  "SAUCE - TAMARI GLUTEN-FREE"
[backfill]     L4  PASS  qty=1  unit=42.4500  ext=42.45  calc=42.45  drift=0.0000  "JUICE - LIME FRESH NATALIES"
[backfill]     L5  PASS  qty=2  unit=15.1500  ext=30.30  calc=30.30  drift=0.0000  "JUICE - LEMONADE NATALIE'S"
[backfill]     L6  PASS  qty=2  unit=16.1500  ext=32.30  calc=32.30  drift=0.0000  "JUICE - STRAW/ LEMONADE NATALIE"
[backfill]     L7  PASS  qty=1  unit=33.7000  ext=33.70  calc=33.70  drift=0.0000  "JUICE - ORANGE FLORIDA"
[backfill]     L8  PASS  qty=1  unit=66.1500  ext=66.15  calc=66.15  drift=0.0000  "TOMATO - CRUSHED RUSTIC DINAPO"
[backfill]   RECONCILIATION:
[backfill]     sum(extracted extended_price) = $312.05
[backfill]     stored total_amount           = $312.05
[backfill]     diff                          = $0.00  (MATCH within tol)

[backfill] ──── eb62ba68-7df1-411b-87c1-efd8220ec6cf  (What Chefs Want #12719299)  total=$39.15
[backfill]   url(raw): https://drive.google.com/file/d/1Vf3r0mkE7rYPnDnyRQKKVDnE_hBPu7tR/view?usp=drivesdk
[backfill]   downloaded 310625 bytes
[backfill]   pdf pages: 1  extracted: 1  type(s): image
[AI Scan] eb62ba68-7df1-411b-87c1-efd8220ec6cf: Extracted 1 line items
[backfill]   PG ai_line_items rows: 1
[backfill]   Sheet AI_LINE_ITEMS "STL - MO" rows for uuid: 1
[backfill]   per-line arithmetic (|qty*unit - ext| <= 2%|ext| + 0.01):
[backfill]     L1  PASS  qty=1  unit=39.1500  ext=39.15  calc=39.15  drift=0.0000  "POTATO - SWEET YAM 50-55 CT"
[backfill]   RECONCILIATION:
[backfill]     sum(extracted extended_price) = $39.15
[backfill]     stored total_amount           = $39.15
[backfill]     diff                          = $0.00  (MATCH within tol)

[backfill] ──── 591c50f5-f968-4705-990c-3d8bd6f1a877  (What Chefs Want #12719344)  total=$25.15
[backfill]   url(raw): https://drive.google.com/file/d/1d9x8FLatzBUtCoTMzeEblPVAAZaliteK/view?usp=drivesdk
[backfill]   downloaded 308341 bytes
[backfill]   pdf pages: 1  extracted: 1  type(s): image
[AI Scan] 591c50f5-f968-4705-990c-3d8bd6f1a877: Extracted 1 line items
[backfill]   PG ai_line_items rows: 1
[backfill]   Sheet AI_LINE_ITEMS "STL - MO" rows for uuid: 1
[backfill]   per-line arithmetic (|qty*unit - ext| <= 2%|ext| + 0.01):
[backfill]     L1  PASS  qty=1  unit=25.1500  ext=25.15  calc=25.15  drift=0.0000  "PINEAPPLE - GOLDEN RIPE"
[backfill]   RECONCILIATION:
[backfill]     sum(extracted extended_price) = $25.15
[backfill]     stored total_amount           = $25.15
[backfill]     diff                          = $0.00  (MATCH within tol)

[backfill] ──── a546861f-8394-4fb3-b53f-1f06fdb4b281  (What Chefs Want #12724853)  total=$1740.25
[backfill]   url(raw): https://drive.google.com/file/d/1_5yP15XR3uMPkhVESQyQzyG7GhTUxW0_/view?usp=drivesdk
[backfill]   downloaded 820125 bytes
[backfill]   pdf pages: 2  extracted: 2  type(s): image
[AI Scan] a546861f-8394-4fb3-b53f-1f06fdb4b281: Extracted 43 line items
[backfill]   PG ai_line_items rows: 43
[backfill]   Sheet AI_LINE_ITEMS "STL - MO" rows for uuid: 43
[backfill]   per-line arithmetic (|qty*unit - ext| <= 2%|ext| + 0.01):
[backfill]     L1  PASS  qty=1.41  unit=22.4500  ext=31.65  calc=31.65  drift=0.0045  "SALAME - BIG RED INDIANA"
[backfill]     L2  PASS  qty=4.21  unit=13.7500  ext=57.89  calc=57.89  drift=0.0025  "SALAME - FINOCCHIONA MOLINARI"
[backfill]     L3  PASS  qty=6  unit=6.0000  ext=36.00  calc=36.00  drift=0.0000  "ASPARAGUS - JUMBO"
[backfill]     L4  PASS  qty=2  unit=8.1000  ext=16.20  calc=16.20  drift=0.0000  "GRAPES - RED SEEDLESS"
[backfill]     L5  PASS  qty=2  unit=11.2000  ext=22.40  calc=22.40  drift=0.0000  "GRAPES - GREEN SEEDLESS"
[backfill]     L6  PASS  qty=1  unit=14.2000  ext=14.20  calc=14.20  drift=0.0000  "HERB - THYME FRESH"
[backfill]     L7  PASS  qty=1  unit=13.1500  ext=13.15  calc=13.15  drift=0.0000  "HERB - DILL FRESH"
[backfill]     L8  PASS  qty=1  unit=11.1500  ext=11.15  calc=11.15  drift=0.0000  "HERB - BASIL FRESH"
[backfill]     L9  PASS  qty=2  unit=3.4000  ext=6.80  calc=6.80  drift=0.0000  "FENNEL BULB - ANISE PREM"
[backfill]     L10  PASS  qty=1  unit=24.2000  ext=24.20  calc=24.20  drift=0.0000  "SHALLOTS - PEELED"
[backfill]     L11  PASS  qty=1  unit=27.7500  ext=27.75  calc=27.75  drift=0.0000  "GARLIC - PEELED IMPORTED"
[backfill]     L12  PASS  qty=1  unit=6.9500  ext=6.95  calc=6.95  drift=0.0000  "HERB - CHERVIL FRESH"
[backfill]     L13  PASS  qty=1  unit=19.2000  ext=19.20  calc=19.20  drift=0.0000  "CILANTRO - MICRO"
[backfill]     L14  HOLD  qty=2  unit=14.5000  ext=29.80  calc=29.00  drift=0.8000  "POTATO - FINGERLING WHITE"
[backfill]     L15  PASS  qty=3  unit=5.7500  ext=17.25  calc=17.25  drift=0.0000  "BEANS - HARICOT VERT CLIPPED"
[backfill]     L16  PASS  qty=1  unit=19.0000  ext=19.00  calc=19.00  drift=0.0000  "CELERY - 6 COUNT"
[backfill]     L17  PASS  qty=1  unit=50.1000  ext=50.10  calc=50.10  drift=0.0000  "CHEESE - NOBLE GOAT FETA"
[backfill]     L18  PASS  qty=1  unit=87.5500  ext=87.55  calc=87.55  drift=0.0000  "MEAT - SOPPRESSATA SPICY TEMPES"
[backfill]     L19  PASS  qty=1  unit=9.5500  ext=9.55  calc=9.55  drift=0.0000  "SPICE - SAGE RUBBED"
[backfill]     L20  PASS  qty=2  unit=30.1000  ext=60.20  calc=60.20  drift=0.0000  "HONEY - AMBER BULK"
[backfill]     L21  PASS  qty=1  unit=31.1000  ext=31.10  calc=31.10  drift=0.0000  "HUMMUS - ROASTED GARLIC KRONOS"
[backfill]     L22  PASS  qty=1  unit=98.8500  ext=98.85  calc=98.85  drift=0.0000  "VANILLA - PASTE"
[backfill]     L23  PASS  qty=1  unit=14.1000  ext=14.10  calc=14.10  drift=0.0000  "VINEGAR - RICE UNSEASONED"
[backfill]     L24  PASS  qty=1  unit=19.5500  ext=19.55  calc=19.55  drift=0.0000  "SUJI - MIRIN RICE SEASONING"
[backfill]     L25  PASS  qty=1  unit=16.7000  ext=16.70  calc=16.70  drift=0.0000  "BANANAS"
[backfill]     L26  PASS  qty=1  unit=45.7000  ext=45.70  calc=45.70  drift=0.0000  "RASPBERRIES - SELECT CLAM"
[backfill]     L27  PASS  qty=1  unit=44.7000  ext=44.70  calc=44.70  drift=0.0000  "POTATO - YUKON CHEF BAKER"
[backfill]     L28  PASS  qty=1  unit=26.1500  ext=26.15  calc=26.15  drift=0.0000  "KALE - CHOPPED"
[backfill]     L29  PASS  qty=1  unit=63.7000  ext=63.70  calc=63.70  drift=0.0000  "TOMATO - CHERRY/HEIRLOOM"
[backfill]     L30  PASS  qty=1  unit=97.7000  ext=97.70  calc=97.70  drift=0.0000  "LETTUCE - ROMAINE HEARTS"
[backfill]     L31  PASS  qty=1  unit=35.7000  ext=35.70  calc=35.70  drift=0.0000  "STRAWBERRIES - PREMIUM CLAM"
[backfill]     L32  PASS  qty=1  unit=43.7000  ext=43.70  calc=43.70  drift=0.0000  "PEPPERS - RED BELL"
[backfill]     L33  PASS  qty=1  unit=47.7000  ext=47.70  calc=47.70  drift=0.0000  "ORANGES - FANCY"
[backfill]     L34  PASS  qty=1  unit=31.7000  ext=31.70  calc=31.70  drift=0.0000  "PEPPERS - POBLANO"
[backfill]     L35  PASS  qty=1  unit=85.1500  ext=85.15  calc=85.15  drift=0.0000  "AVOCADO - #1 BREAKING"
[backfill]     L36  PASS  qty=1  unit=118.0000  ext=118.00  calc=118.00  drift=0.0000  "BUTTER - CLARIFIED PLUGRA UNSL"
[backfill]     L37  PASS  qty=1  unit=29.9500  ext=29.95  calc=29.95  drift=0.0000  "IQF SLICED BANANAS"
[backfill]     L38  PASS  qty=1  unit=27.8600  ext=27.86  calc=27.86  drift=0.0000  "PINEAPPLE - CHUNKS IQF"
[backfill]     L39  PASS  qty=1  unit=24.9500  ext=24.95  calc=24.95  drift=0.0000  "VINEGAR - WHITE DISTILLED 4%"
[backfill]     L40  PASS  qty=1  unit=33.7000  ext=33.70  calc=33.70  drift=0.0000  "TORTILLA - FLOUR MIJA 12""
[backfill]     L41  PASS  qty=1  unit=47.9500  ext=47.95  calc=47.95  drift=0.0000  "TORTILLA - WHL WHEAT WRAP 12""
[backfill]     L42  PASS  qty=1  unit=121.9500  ext=121.95  calc=121.95  drift=0.0000  "DEMI GLACE - DE POULET CHICKEN"
[backfill]     L43  PASS  qty=1  unit=72.7000  ext=72.70  calc=72.70  drift=0.0000  "PESTO - FROZEN TENNESSEE"
[backfill]   RECONCILIATION:
[backfill]     sum(extracted extended_price) = $1740.25
[backfill]     stored total_amount           = $1740.25
[backfill]     diff                          = $0.00  (MATCH within tol)

[backfill] ──── 54fa2de2-02c4-4df7-94f4-c732d9e9acbc  (What Chefs Want #12710247)  total=$29.20
[backfill]   url(raw): https://drive.google.com/file/d/1HV0Nh0sps-JD5rmzrl2ClkS969c_Kwyi/view?usp=drivesdk
[backfill]   downloaded 293240 bytes
[backfill]   pdf pages: 1  extracted: 1  type(s): image
[AI Scan] 54fa2de2-02c4-4df7-94f4-c732d9e9acbc: Extracted 1 line items
[backfill]   PG ai_line_items rows: 1
[backfill]   Sheet AI_LINE_ITEMS "STL - MO" rows for uuid: 1
[backfill]   per-line arithmetic (|qty*unit - ext| <= 2%|ext| + 0.01):
[backfill]     L1  PASS  qty=1  unit=29.2000  ext=29.20  calc=29.20  drift=0.0000  "RADISH - RUBY MICRO FIREWORKS"
[backfill]   RECONCILIATION:
[backfill]     sum(extracted extended_price) = $29.20
[backfill]     stored total_amount           = $29.20
[backfill]     diff                          = $0.00  (MATCH within tol)

[backfill] ════════════════════════════════════════════════
[backfill] STAGE 2 SUMMARY
[backfill]   targets attempted        : 128
[backfill]   processed (wrote)        : 128
[backfill]   skipped idempotent       : 0
[backfill]   errored                  : 0
[backfill]   total line items written : 1069
[backfill]     expected-clean (PASS)  : 994
[backfill]     expected-held (HOLD)   : 75
[backfill] ════════════════════════════════════════════════
[backfill] STAGE COMPLETE. Per-invoice records:
[backfill]   {"uuid":"aea248be-375a-48cb-a93f-a9a1335cea52","vendor":"What Chefs Want","invoiceNumber":"1463215","sourceUrl":"raw_drive_url","pageCountStored":1,"pdfPageCount":1,"pgLineCount":2,"sheetLineCount":2,"cleanLines":0,"heldLines":2,"extendedSum":-41.9,"storedTotal":-41.9,"totalDiff":0,"totalReconciles":true}
[backfill]   {"uuid":"3de016a2-2203-494f-a3d0-9a971cf3d28c","vendor":"Kuna Foodservice","invoiceNumber":"214242-00","sourceUrl":"raw_drive_url","pageCountStored":2,"pdfPageCount":2,"pgLineCount":20,"sheetLineCount":20,"cleanLines":20,"heldLines":0,"extendedSum":1253.06,"storedTotal":6174.59,"totalDiff":-4921.53,"totalReconciles":false}
[backfill]   {"uuid":"e0f5d9b8-cbe1-4aad-bfd9-2ab1e2169000","vendor":"Kuna Foodservice","invoiceNumber":"215530-00","sourceUrl":"raw_drive_url","pageCountStored":1,"pdfPageCount":1,"pgLineCount":10,"sheetLineCount":10,"cleanLines":8,"heldLines":2,"extendedSum":1052.76,"storedTotal":434.77,"totalDiff":617.99,"totalReconciles":false}
[backfill]   {"uuid":"c65281db-a82f-4770-9aad-452b426c3b9a","vendor":"Rolling Lawn Farms","invoiceNumber":"129357","sourceUrl":"raw_drive_url","pageCountStored":1,"pdfPageCount":1,"pgLineCount":4,"sheetLineCount":4,"cleanLines":4,"heldLines":0,"extendedSum":83.09,"storedTotal":83.09,"totalDiff":0,"totalReconciles":true}
[backfill]   {"uuid":"c1e5c4e9-0d71-474d-9c38-330bed879166","vendor":"Fortune Fish & Gourmet","invoiceNumber":"355194-26-06","sourceUrl":"raw_drive_url","pageCountStored":1,"pdfPageCount":1,"pgLineCount":4,"sheetLineCount":4,"cleanLines":4,"heldLines":0,"extendedSum":342.96,"storedTotal":342.96,"totalDiff":0,"totalReconciles":true}
[backfill]   {"uuid":"7e93d9da-a9be-43be-b40a-83f893f17911","vendor":"Fortune Fish & Gourmet","invoiceNumber":"355769-26-06","sourceUrl":"raw_drive_url","pageCountStored":1,"pdfPageCount":1,"pgLineCount":4,"sheetLineCount":4,"cleanLines":4,"heldLines":0,"extendedSum":360.56,"storedTotal":360.56,"totalDiff":0,"totalReconciles":true}
[backfill]   {"uuid":"cac4a40f-144d-43fc-851b-efb18f79de42","vendor":"What Chefs Want","invoiceNumber":"12542830","sourceUrl":"raw_drive_url","pageCountStored":1,"pdfPageCount":1,"pgLineCount":5,"sheetLineCount":5,"cleanLines":5,"heldLines":0,"extendedSum":201.4,"storedTotal":201.4,"totalDiff":0,"totalReconciles":true}
[backfill]   {"uuid":"32227b2d-5148-41d8-a098-2ab3696b8f12","vendor":"City Seafood","invoiceNumber":"INV24019 - 04/23/26","sourceUrl":"raw_drive_url","pageCountStored":1,"pdfPageCount":1,"pgLineCount":3,"sheetLineCount":3,"cleanLines":3,"heldLines":0,"extendedSum":798.89,"storedTotal":798.89,"totalDiff":0,"totalReconciles":true}
[backfill]   {"uuid":"9c468a23-3339-4da8-9dac-64a90a420677","vendor":"Kuna Foodservice","invoiceNumber":"217671-00","sourceUrl":"raw_drive_url","pageCountStored":3,"pdfPageCount":3,"pgLineCount":37,"sheetLineCount":37,"cleanLines":36,"heldLines":1,"extendedSum":1775.82,"storedTotal":4269.2,"totalDiff":-2493.38,"totalReconciles":false}
[backfill]   {"uuid":"b44c9b0b-86a0-4115-9695-3b572bdfcfef","vendor":"Kuna Foodservice","invoiceNumber":"22416-00","sourceUrl":"raw_drive_url","pageCountStored":1,"pdfPageCount":1,"pgLineCount":9,"sheetLineCount":9,"cleanLines":9,"heldLines":0,"extendedSum":415.18,"storedTotal":441.77,"totalDiff":-26.59,"totalReconciles":false}
[backfill]   {"uuid":"5d2d2bb4-e445-4cc9-bfa1-0e8f59b106e0","vendor":"What Chefs Want","invoiceNumber":"12585709","sourceUrl":"raw_drive_url","pageCountStored":1,"pdfPageCount":1,"pgLineCount":2,"sheetLineCount":2,"cleanLines":2,"heldLines":0,"extendedSum":1509.33,"storedTotal":1509.33,"totalDiff":0,"totalReconciles":true}
[backfill]   {"uuid":"45c94195-9b77-4c88-ac48-edde4449f89f","vendor":"What Chefs Want","invoiceNumber":"12538735","sourceUrl":"raw_drive_url","pageCountStored":1,"pdfPageCount":1,"pgLineCount":1,"sheetLineCount":1,"cleanLines":1,"heldLines":0,"extendedSum":140.2,"storedTotal":140.2,"totalDiff":0,"totalReconciles":true}
[backfill]   {"uuid":"b8752796-3853-45e8-952a-ecdcccaa0895","vendor":"What Chefs Want","invoiceNumber":"12581009","sourceUrl":"raw_drive_url","pageCountStored":1,"pdfPageCount":1,"pgLineCount":9,"sheetLineCount":9,"cleanLines":9,"heldLines":0,"extendedSum":177.2,"storedTotal":177.2,"totalDiff":0,"totalReconciles":true}
[backfill]   {"uuid":"5dbb8361-37be-41f2-ae5c-04372dcd22ea","vendor":"Rolling Lawn Farms","invoiceNumber":"129522","sourceUrl":"raw_drive_url","pageCountStored":1,"pdfPageCount":1,"pgLineCount":6,"sheetLineCount":6,"cleanLines":6,"heldLines":0,"extendedSum":185.91,"storedTotal":185.91,"totalDiff":0,"totalReconciles":true}
[backfill]   {"uuid":"cdfbb21e-5109-4e2c-9b0e-344b6d290e8d","vendor":"What Chefs Want","invoiceNumber":"12568818","sourceUrl":"raw_drive_url","pageCountStored":2,"pdfPageCount":2,"pgLineCount":45,"sheetLineCount":45,"cleanLines":45,"heldLines":0,"extendedSum":3852.85,"storedTotal":3431.82,"totalDiff":421.03,"totalReconciles":false}
[backfill]   {"uuid":"63872921-31de-411a-aa42-9cc3d489779d","vendor":"What Chefs Want","invoiceNumber":"12575717","sourceUrl":"raw_drive_url","pageCountStored":1,"pdfPageCount":1,"pgLineCount":4,"sheetLineCount":4,"cleanLines":4,"heldLines":0,"extendedSum":155.65,"storedTotal":155.65,"totalDiff":0,"totalReconciles":true}
[backfill]   {"uuid":"543012fa-40c2-4ee7-8d7d-9751833c3c45","vendor":"What Chefs Want","invoiceNumber":"1468228","sourceUrl":"raw_drive_url","pageCountStored":1,"pdfPageCount":1,"pgLineCount":1,"sheetLineCount":1,"cleanLines":0,"heldLines":1,"extendedSum":-47.15,"storedTotal":-47.15,"totalDiff":0,"totalReconciles":true}
[backfill]   {"uuid":"4edc0467-03d8-46c2-9b14-34697d94dbd1","vendor":"What Chefs Want","invoiceNumber":"12573052","sourceUrl":"raw_drive_url","pageCountStored":1,"pdfPageCount":1,"pgLineCount":3,"sheetLineCount":3,"cleanLines":3,"heldLines":0,"extendedSum":240.25,"storedTotal":240.25,"totalDiff":0,"totalReconciles":true}
[backfill]   {"uuid":"650701dc-934d-44d5-953c-4d07c38b531c","vendor":"What Chefs Want","invoiceNumber":"1468043","sourceUrl":"raw_drive_url","pageCountStored":1,"pdfPageCount":1,"pgLineCount":2,"sheetLineCount":2,"cleanLines":2,"heldLines":0,"extendedSum":193.1,"storedTotal":-193.1,"totalDiff":386.2,"totalReconciles":false}
[backfill]   {"uuid":"1059f469-0bec-4588-8246-6286a0cda3e6","vendor":"Fortune Fish & Gourmet","invoiceNumber":"358095-26-06","sourceUrl":"raw_drive_url","pageCountStored":1,"pdfPageCount":1,"pgLineCount":2,"sheetLineCount":2,"cleanLines":2,"heldLines":0,"extendedSum":67.99,"storedTotal":67.99,"totalDiff":0,"totalReconciles":true}
[backfill]   {"uuid":"f1d06382-1e60-469e-b7b4-503cb1c9c059","vendor":"Fortune Fish & Gourmet","invoiceNumber":"358096-20-06","sourceUrl":"raw_drive_url","pageCountStored":1,"pdfPageCount":1,"pgLineCount":4,"sheetLineCount":4,"cleanLines":4,"heldLines":0,"extendedSum":594.44,"storedTotal":594.44,"totalDiff":0,"totalReconciles":true}
[backfill]   {"uuid":"7683aaf8-e28e-4272-8992-80d4db9bb5a3","vendor":"Fortune Fish & Gourmet","invoiceNumber":"358109-26-06","sourceUrl":"raw_drive_url","pageCountStored":1,"pdfPageCount":1,"pgLineCount":3,"sheetLineCount":3,"cleanLines":3,"heldLines":0,"extendedSum":181.37,"storedTotal":181.37,"totalDiff":0,"totalReconciles":true}
[backfill]   {"uuid":"357858a5-2c85-4339-ba19-3d68d43740c2","vendor":"Kuna Foodservice","invoiceNumber":"218721-00","sourceUrl":"raw_drive_url","pageCountStored":1,"pdfPageCount":1,"pgLineCount":4,"sheetLineCount":4,"cleanLines":3,"heldLines":1,"extendedSum":65.3,"storedTotal":85.01,"totalDiff":-19.71,"totalReconciles":false}
[backfill]   {"uuid":"cbae1142-2219-406b-80fb-5566469db965","vendor":"Kuna Foodservice","invoiceNumber":"217995-00","sourceUrl":"raw_drive_url","pageCountStored":1,"pdfPageCount":1,"pgLineCount":3,"sheetLineCount":3,"cleanLines":1,"heldLines":2,"extendedSum":752.8,"storedTotal":1053.85,"totalDiff":-301.05,"totalReconciles":false}
[backfill]   {"uuid":"af437c06-348c-42fb-bac4-0d290d879808","vendor":"Grey Eagle","invoiceNumber":"615113","sourceUrl":"raw_drive_url","pageCountStored":1,"pdfPageCount":1,"pgLineCount":3,"sheetLineCount":3,"cleanLines":3,"heldLines":0,"extendedSum":300.3,"storedTotal":300.3,"totalDiff":0,"totalReconciles":true}
[backfill]   {"uuid":"d0fe2a00-11eb-4008-b77c-2fc6efd71ef2","vendor":"What Chefs Want","invoiceNumber":"12455383","sourceUrl":"raw_drive_url","pageCountStored":5,"pdfPageCount":5,"pgLineCount":0,"sheetLineCount":0,"cleanLines":0,"heldLines":0,"extendedSum":0,"storedTotal":6861.38,"totalDiff":-6861.38,"totalReconciles":false}
[backfill]   {"uuid":"5b31bcf6-8c25-4bea-ab31-9cbec8526501","vendor":"What Chefs Want","invoiceNumber":"12455384","sourceUrl":"raw_drive_url","pageCountStored":1,"pdfPageCount":1,"pgLineCount":2,"sheetLineCount":2,"cleanLines":2,"heldLines":0,"extendedSum":308.9,"storedTotal":308.9,"totalDiff":0,"totalReconciles":true}
[backfill]   {"uuid":"e6da4a81-0523-46f2-b17e-4d03d2a2bf4c","vendor":"What Chefs Want","invoiceNumber":"12455579","sourceUrl":"raw_drive_url","pageCountStored":1,"pdfPageCount":1,"pgLineCount":1,"sheetLineCount":1,"cleanLines":1,"heldLines":0,"extendedSum":11,"storedTotal":11,"totalDiff":0,"totalReconciles":true}
[backfill]   {"uuid":"8cfe0009-d768-4f22-ac93-0a80d153db4f","vendor":"What Chefs Want","invoiceNumber":"12458014","sourceUrl":"raw_drive_url","pageCountStored":1,"pdfPageCount":1,"pgLineCount":1,"sheetLineCount":1,"cleanLines":1,"heldLines":0,"extendedSum":25.45,"storedTotal":25.45,"totalDiff":0,"totalReconciles":true}
[backfill]   {"uuid":"af90751c-1b25-46b3-abad-170150506f54","vendor":"What Chefs Want","invoiceNumber":"12459246","sourceUrl":"raw_drive_url","pageCountStored":1,"pdfPageCount":1,"pgLineCount":17,"sheetLineCount":17,"cleanLines":17,"heldLines":0,"extendedSum":753.43,"storedTotal":753.43,"totalDiff":0,"totalReconciles":true}
[backfill]   {"uuid":"31385de0-ac86-465e-b302-46944172dc2b","vendor":"What Chefs Want","invoiceNumber":"1246136","sourceUrl":"raw_drive_url","pageCountStored":1,"pdfPageCount":1,"pgLineCount":23,"sheetLineCount":23,"cleanLines":20,"heldLines":3,"extendedSum":1023.54,"storedTotal":1025.58,"totalDiff":-2.04,"totalReconciles":true}
[backfill]   {"uuid":"0bc8dedd-ea31-4d12-ac81-51970a6deffa","vendor":"What Chefs Want","invoiceNumber":"12463151","sourceUrl":"raw_drive_url","pageCountStored":1,"pdfPageCount":1,"pgLineCount":1,"sheetLineCount":1,"cleanLines":1,"heldLines":0,"extendedSum":24.4,"storedTotal":24.4,"totalDiff":0,"totalReconciles":true}
[backfill]   {"uuid":"01314bc2-7fda-4a5d-9ce1-d5c7e6ca3ebe","vendor":"What Chefs Want","invoiceNumber":"12466965","sourceUrl":"raw_drive_url","pageCountStored":1,"pdfPageCount":1,"pgLineCount":2,"sheetLineCount":2,"cleanLines":2,"heldLines":0,"extendedSum":225,"storedTotal":225,"totalDiff":0,"totalReconciles":true}
[backfill]   {"uuid":"fae28480-ccfc-4b77-a914-fd8415be3af2","vendor":"What Chefs Want","invoiceNumber":"12467188","sourceUrl":"raw_drive_url","pageCountStored":1,"pdfPageCount":1,"pgLineCount":2,"sheetLineCount":2,"cleanLines":2,"heldLines":0,"extendedSum":42.65,"storedTotal":42.65,"totalDiff":0,"totalReconciles":true}
[backfill]   {"uuid":"939cdd3a-9ec0-442e-a742-06b8c0cb1df1","vendor":"What Chefs Want","invoiceNumber":"12471754","sourceUrl":"raw_drive_url","pageCountStored":2,"pdfPageCount":2,"pgLineCount":32,"sheetLineCount":32,"cleanLines":32,"heldLines":0,"extendedSum":1338.45,"storedTotal":1338.45,"totalDiff":0,"totalReconciles":true}
[backfill]   {"uuid":"2c5fb8af-23c1-438e-b81e-2ce1fc6b1ee1","vendor":"City Seafood","invoiceNumber":"INV24125","sourceUrl":"raw_drive_url","pageCountStored":1,"pdfPageCount":1,"pgLineCount":1,"sheetLineCount":1,"cleanLines":1,"heldLines":0,"extendedSum":192.33,"storedTotal":192.33,"totalDiff":0,"totalReconciles":true}
[backfill]   {"uuid":"92ccc612-863b-4a1e-a181-cba1f6c1a688","vendor":"City Seafood","invoiceNumber":"INV24097","sourceUrl":"raw_drive_url","pageCountStored":1,"pdfPageCount":1,"pgLineCount":8,"sheetLineCount":8,"cleanLines":8,"heldLines":0,"extendedSum":2075.88,"storedTotal":2075.89,"totalDiff":-0.01,"totalReconciles":true}
[backfill]   {"uuid":"ab3880b5-a2d8-4dc0-83ec-aae0d2277fe8","vendor":"What Chefs Want","invoiceNumber":"12602663","sourceUrl":"raw_drive_url","pageCountStored":2,"pdfPageCount":2,"pgLineCount":37,"sheetLineCount":37,"cleanLines":36,"heldLines":1,"extendedSum":1377.64,"storedTotal":1377.64,"totalDiff":0,"totalReconciles":true}
[backfill]   {"uuid":"afb5d81e-ee65-4122-9ecb-7a5849c0e3f7","vendor":"What Chefs Want","invoiceNumber":"12604496","sourceUrl":"raw_drive_url","pageCountStored":1,"pdfPageCount":1,"pgLineCount":16,"sheetLineCount":16,"cleanLines":16,"heldLines":0,"extendedSum":586.7,"storedTotal":586.7,"totalDiff":0,"totalReconciles":true}
[backfill]   {"uuid":"07e3c6b4-d4b1-469e-bc64-c813e45e7f1f","vendor":"Fortune Fish & Gourmet","invoiceNumber":"359989-26-06","sourceUrl":"raw_drive_url","pageCountStored":1,"pdfPageCount":1,"pgLineCount":2,"sheetLineCount":2,"cleanLines":2,"heldLines":0,"extendedSum":629.48,"storedTotal":629.48,"totalDiff":0,"totalReconciles":true}
[backfill]   {"uuid":"a66fad19-8ac7-4714-a203-1c3cc1e30036","vendor":"Fortune Fish & Gourmet","invoiceNumber":"359988-26-06","sourceUrl":"raw_drive_url","pageCountStored":1,"pdfPageCount":1,"pgLineCount":1,"sheetLineCount":1,"cleanLines":1,"heldLines":0,"extendedSum":64.99,"storedTotal":69.99,"totalDiff":-5,"totalReconciles":false}
[backfill]   {"uuid":"364aa1d9-707d-4d5c-a190-c1a1b2841505","vendor":"Lohr Distribution","invoiceNumber":"2818933","sourceUrl":"raw_drive_url","pageCountStored":1,"pdfPageCount":1,"pgLineCount":3,"sheetLineCount":3,"cleanLines":3,"heldLines":0,"extendedSum":2681.1,"storedTotal":2681.1,"totalDiff":0,"totalReconciles":true}
[backfill]   {"uuid":"c0d3ff9c-e350-46b3-ac94-91264671b90a","vendor":"Kuna Foodservice","invoiceNumber":"225426-00","sourceUrl":"raw_drive_url","pageCountStored":3,"pdfPageCount":3,"pgLineCount":16,"sheetLineCount":16,"cleanLines":16,"heldLines":0,"extendedSum":1516.49,"storedTotal":5902.48,"totalDiff":-4385.99,"totalReconciles":false}
[backfill]   {"uuid":"d2abba78-fdeb-43f3-81dd-40b2d30f600f","vendor":"Rolling Lawn Farms","invoiceNumber":"129658","sourceUrl":"raw_drive_url","pageCountStored":1,"pdfPageCount":1,"pgLineCount":6,"sheetLineCount":6,"cleanLines":6,"heldLines":0,"extendedSum":167.48,"storedTotal":167.48,"totalDiff":0,"totalReconciles":true}
[backfill]   {"uuid":"2c23c132-380b-4298-934c-a834a21b95db","vendor":"What Chefs Want","invoiceNumber":"12604497","sourceUrl":"raw_drive_url","pageCountStored":1,"pdfPageCount":1,"pgLineCount":1,"sheetLineCount":1,"cleanLines":1,"heldLines":0,"extendedSum":35.9,"storedTotal":35.9,"totalDiff":0,"totalReconciles":true}
[backfill]   {"uuid":"28a19163-b8a5-42f0-a86b-f02eb4934345","vendor":"What Chefs Want","invoiceNumber":"12607747","sourceUrl":"raw_drive_url","pageCountStored":1,"pdfPageCount":1,"pgLineCount":1,"sheetLineCount":1,"cleanLines":1,"heldLines":0,"extendedSum":102.15,"storedTotal":102.15,"totalDiff":0,"totalReconciles":true}
[backfill]   {"uuid":"f38143f4-2661-4b0a-8059-e955aa044606","vendor":"What Chefs Want","invoiceNumber":"12609856","sourceUrl":"raw_drive_url","pageCountStored":1,"pdfPageCount":1,"pgLineCount":3,"sheetLineCount":3,"cleanLines":3,"heldLines":0,"extendedSum":123.95,"storedTotal":123.95,"totalDiff":0,"totalReconciles":true}
[backfill]   {"uuid":"189b03bf-df3b-46f8-a46b-5c79e0f781ee","vendor":"What Chefs Want","invoiceNumber":"1471113","sourceUrl":"raw_drive_url","pageCountStored":1,"pdfPageCount":1,"pgLineCount":1,"sheetLineCount":1,"cleanLines":0,"heldLines":1,"extendedSum":-102.15,"storedTotal":-102.15,"totalDiff":0,"totalReconciles":true}
[backfill]   {"uuid":"518e3c42-3996-4a9f-a903-f14580d220af","vendor":"What Chefs Want","invoiceNumber":"12589552","sourceUrl":"raw_drive_url","pageCountStored":1,"pdfPageCount":1,"pgLineCount":1,"sheetLineCount":1,"cleanLines":0,"heldLines":1,"extendedSum":342.72,"storedTotal":342.72,"totalDiff":0,"totalReconciles":true}
[backfill]   {"uuid":"d899a43b-34ce-4247-b233-2fc486670266","vendor":"What Chefs Want","invoiceNumber":"1470969","sourceUrl":"raw_drive_url","pageCountStored":1,"pdfPageCount":1,"pgLineCount":1,"sheetLineCount":1,"cleanLines":1,"heldLines":0,"extendedSum":0,"storedTotal":-145.95,"totalDiff":145.95,"totalReconciles":false}
[backfill]   {"uuid":"2b59be49-a619-4c1e-8ad5-712b2bef9cbc","vendor":"Kuna Foodservice","invoiceNumber":"227715-00","sourceUrl":"raw_drive_url","pageCountStored":2,"pdfPageCount":2,"pgLineCount":19,"sheetLineCount":19,"cleanLines":18,"heldLines":1,"extendedSum":2336.63,"storedTotal":1402.29,"totalDiff":934.34,"totalReconciles":false}
[backfill]   {"uuid":"a6b6b2ac-ba9f-4d28-8394-4666d7c80a7e","vendor":"City Seafood","invoiceNumber":"INV24346","sourceUrl":"raw_drive_url","pageCountStored":1,"pdfPageCount":1,"pgLineCount":7,"sheetLineCount":7,"cleanLines":7,"heldLines":0,"extendedSum":1055.68,"storedTotal":1055.67,"totalDiff":0.01,"totalReconciles":true}
[backfill]   {"uuid":"717e6c75-4c6d-4b17-86d2-a2c6bb0cfb60","vendor":"What Chefs Want","invoiceNumber":"12614395","sourceUrl":"raw_drive_url","pageCountStored":1,"pdfPageCount":1,"pgLineCount":11,"sheetLineCount":11,"cleanLines":11,"heldLines":0,"extendedSum":485.67,"storedTotal":485.67,"totalDiff":0,"totalReconciles":true}
[backfill]   {"uuid":"c807c6d3-12a0-42de-a437-6479ad3ff2f5","vendor":"What Chefs Want","invoiceNumber":"12609855","sourceUrl":"raw_drive_url","pageCountStored":1,"pdfPageCount":1,"pgLineCount":3,"sheetLineCount":3,"cleanLines":2,"heldLines":1,"extendedSum":123.95,"storedTotal":123.95,"totalDiff":0,"totalReconciles":true}
[backfill]   {"uuid":"df3e6330-e667-4947-8b97-4a069ef1522f","vendor":"Grey Eagle","invoiceNumber":"627154","sourceUrl":"raw_drive_url","pageCountStored":1,"pdfPageCount":1,"pgLineCount":3,"sheetLineCount":3,"cleanLines":2,"heldLines":1,"extendedSum":1652.3,"storedTotal":1652.3,"totalDiff":0,"totalReconciles":true}
[backfill]   {"uuid":"afc8c564-ae3d-4f68-a978-bdc7d62f804a","vendor":"What Chefs Want","invoiceNumber":"12620041","sourceUrl":"raw_drive_url","pageCountStored":2,"pdfPageCount":2,"pgLineCount":32,"sheetLineCount":32,"cleanLines":30,"heldLines":2,"extendedSum":809.3,"storedTotal":809.3,"totalDiff":0,"totalReconciles":true}
[backfill]   {"uuid":"bc90d6d4-f70d-4f58-a0d0-c3b3ff3b6699","vendor":"City Seafood","invoiceNumber":"INV24440","sourceUrl":"raw_drive_url","pageCountStored":1,"pdfPageCount":1,"pgLineCount":4,"sheetLineCount":4,"cleanLines":4,"heldLines":0,"extendedSum":1726.07,"storedTotal":1726.07,"totalDiff":0,"totalReconciles":true}
[backfill]   {"uuid":"8eec71d0-7aa1-47c1-9df2-0dc913b525a5","vendor":"Kuna Foodservice","invoiceNumber":"229175-00","sourceUrl":"raw_drive_url","pageCountStored":2,"pdfPageCount":2,"pgLineCount":17,"sheetLineCount":17,"cleanLines":13,"heldLines":4,"extendedSum":451.14,"storedTotal":3790.43,"totalDiff":-3339.29,"totalReconciles":false}
[backfill]   {"uuid":"7ea67288-2a72-4475-8292-9f7f6e2fce55","vendor":"Kuna Foodservice","invoiceNumber":"231275-00","sourceUrl":"raw_drive_url","pageCountStored":1,"pdfPageCount":1,"pgLineCount":2,"sheetLineCount":2,"cleanLines":2,"heldLines":0,"extendedSum":115.08,"storedTotal":121.67,"totalDiff":-6.59,"totalReconciles":false}
[backfill]   {"uuid":"0617cac8-1e1c-4811-b417-af62ce78c31f","vendor":"Kuna Foodservice","invoiceNumber":"230540-00","sourceUrl":"raw_drive_url","pageCountStored":1,"pdfPageCount":1,"pgLineCount":6,"sheetLineCount":6,"cleanLines":6,"heldLines":0,"extendedSum":51.72,"storedTotal":165.76,"totalDiff":-114.04,"totalReconciles":false}
[backfill]   {"uuid":"683080be-1062-4b07-89c7-fdb0f77c56c1","vendor":"Kuna Foodservice","invoiceNumber":"229838-00","sourceUrl":"raw_drive_url","pageCountStored":1,"pdfPageCount":1,"pgLineCount":5,"sheetLineCount":5,"cleanLines":4,"heldLines":1,"extendedSum":1100.01,"storedTotal":196.12,"totalDiff":903.89,"totalReconciles":false}
[backfill]   {"uuid":"cf557a8c-2196-409e-a596-5cc81cf32e44","vendor":"Fortune Fish & Gourmet","invoiceNumber":"361359-26-06","sourceUrl":"raw_drive_url","pageCountStored":1,"pdfPageCount":1,"pgLineCount":4,"sheetLineCount":4,"cleanLines":4,"heldLines":0,"extendedSum":310.75,"storedTotal":310.75,"totalDiff":0,"totalReconciles":true}
[backfill]   {"uuid":"4da7cc42-dc7b-4da4-82ee-333b08c35f5f","vendor":"What Chefs Want","invoiceNumber":"12624433","sourceUrl":"raw_drive_url","pageCountStored":1,"pdfPageCount":1,"pgLineCount":4,"sheetLineCount":4,"cleanLines":4,"heldLines":0,"extendedSum":111.98,"storedTotal":111.98,"totalDiff":0,"totalReconciles":true}
[backfill]   {"uuid":"5ddc3d13-2843-4f96-98b4-37806faa3a0b","vendor":"Rolling Lawn Farms","invoiceNumber":"129722","sourceUrl":"raw_drive_url","pageCountStored":1,"pdfPageCount":1,"pgLineCount":2,"sheetLineCount":2,"cleanLines":2,"heldLines":0,"extendedSum":34.92,"storedTotal":34.92,"totalDiff":0,"totalReconciles":true}
[backfill]   {"uuid":"a6e0c724-742a-49e0-b5a2-fd475dcfb72d","vendor":"What Chefs Want","invoiceNumber":"12665906","sourceUrl":"raw_drive_url","pageCountStored":1,"pdfPageCount":1,"pgLineCount":21,"sheetLineCount":21,"cleanLines":11,"heldLines":10,"extendedSum":856.5,"storedTotal":905.07,"totalDiff":-48.57,"totalReconciles":false}
[backfill]   {"uuid":"16f004de-0827-4ee9-8a88-7b53a66b254b","vendor":"What Chefs Want","invoiceNumber":"12651658","sourceUrl":"raw_drive_url","pageCountStored":1,"pdfPageCount":1,"pgLineCount":2,"sheetLineCount":2,"cleanLines":2,"heldLines":0,"extendedSum":193.4,"storedTotal":193.4,"totalDiff":0,"totalReconciles":true}
[backfill]   {"uuid":"e6ac294a-2613-4275-9b50-3908d6a87e9f","vendor":"Rolling Lawn Farms","invoiceNumber":"129847","sourceUrl":"raw_drive_url","pageCountStored":1,"pdfPageCount":1,"pgLineCount":5,"sheetLineCount":5,"cleanLines":5,"heldLines":0,"extendedSum":108.56,"storedTotal":108.56,"totalDiff":0,"totalReconciles":true}
[backfill]   {"uuid":"6fef98ae-56ca-4b35-949a-bb92d81852f1","vendor":"Kuna Foodservice","invoiceNumber":"233659-00","sourceUrl":"raw_drive_url","pageCountStored":3,"pdfPageCount":3,"pgLineCount":10,"sheetLineCount":10,"cleanLines":10,"heldLines":0,"extendedSum":646.59,"storedTotal":3128.5,"totalDiff":-2481.91,"totalReconciles":false}
[backfill]   {"uuid":"8e4e2fea-4581-49a3-9013-faadfb4f9705","vendor":"City Seafood","invoiceNumber":"INV24892","sourceUrl":"raw_drive_url","pageCountStored":1,"pdfPageCount":1,"pgLineCount":9,"sheetLineCount":9,"cleanLines":9,"heldLines":0,"extendedSum":1546.31,"storedTotal":1546.31,"totalDiff":0,"totalReconciles":true}
[backfill]   {"uuid":"0fb8c542-23f5-4904-9544-b0fc04615cbc","vendor":"What Chefs Want","invoiceNumber":"12659589","sourceUrl":"raw_drive_url","pageCountStored":3,"pdfPageCount":3,"pgLineCount":67,"sheetLineCount":67,"cleanLines":66,"heldLines":1,"extendedSum":2696.33,"storedTotal":2696.33,"totalDiff":0,"totalReconciles":true}
[backfill]   {"uuid":"c7a5fe3c-6329-4efe-b4e6-74ceebba3d95","vendor":"Fortune Fish & Gourmet","invoiceNumber":"364345-26-06","sourceUrl":"raw_drive_url","pageCountStored":1,"pdfPageCount":1,"pgLineCount":1,"sheetLineCount":1,"cleanLines":1,"heldLines":0,"extendedSum":100.02,"storedTotal":100.02,"totalDiff":0,"totalReconciles":true}
[backfill]   {"uuid":"00a24a19-ca45-490f-96b6-e8f00209b057","vendor":"Fortune Fish & Gourmet","invoiceNumber":"364341-26-06","sourceUrl":"raw_drive_url","pageCountStored":1,"pdfPageCount":1,"pgLineCount":3,"sheetLineCount":3,"cleanLines":3,"heldLines":0,"extendedSum":286.89,"storedTotal":286.89,"totalDiff":0,"totalReconciles":true}
[backfill]   {"uuid":"8e727de5-636d-4491-ab45-cec5a3637051","vendor":"Fortune Fish & Gourmet","invoiceNumber":"363907-26-06","sourceUrl":"raw_drive_url","pageCountStored":1,"pdfPageCount":1,"pgLineCount":2,"sheetLineCount":2,"cleanLines":2,"heldLines":0,"extendedSum":160.93,"storedTotal":165.93,"totalDiff":-5,"totalReconciles":false}
[backfill]   {"uuid":"858fc18f-d04e-4f41-b047-ca678b75b9a8","vendor":"Fortune Fish & Gourmet","invoiceNumber":"363908-26-06","sourceUrl":"raw_drive_url","pageCountStored":1,"pdfPageCount":1,"pgLineCount":4,"sheetLineCount":4,"cleanLines":4,"heldLines":0,"extendedSum":208.14,"storedTotal":208.14,"totalDiff":0,"totalReconciles":true}
[backfill]   {"uuid":"9863f939-5c9d-4bf0-8d3a-918c22b7a1c8","vendor":"Kuna Foodservice","invoiceNumber":"236964-00","sourceUrl":"raw_drive_url","pageCountStored":1,"pdfPageCount":1,"pgLineCount":4,"sheetLineCount":4,"cleanLines":2,"heldLines":2,"extendedSum":530.75,"storedTotal":120.09,"totalDiff":410.66,"totalReconciles":false}
[backfill]   {"uuid":"2d9f8b1a-003f-46a1-b4c5-403b87805099","vendor":"Kuna Foodservice","invoiceNumber":"236748-00","sourceUrl":"raw_drive_url","pageCountStored":1,"pdfPageCount":1,"pgLineCount":7,"sheetLineCount":7,"cleanLines":6,"heldLines":1,"extendedSum":272.96,"storedTotal":394.21,"totalDiff":-121.25,"totalReconciles":false}
[backfill]   {"uuid":"ffbdf8a4-0c1a-4414-a6d7-f75b64e9ab16","vendor":"Kuna Foodservice","invoiceNumber":"236069-00","sourceUrl":"raw_drive_url","pageCountStored":1,"pdfPageCount":1,"pgLineCount":2,"sheetLineCount":2,"cleanLines":2,"heldLines":0,"extendedSum":106.54,"storedTotal":115.03,"totalDiff":-8.49,"totalReconciles":false}
[backfill]   {"uuid":"a0230b87-8da6-4e16-b4e8-818d59b7dd1a","vendor":"Kuna Foodservice","invoiceNumber":"235953-00","sourceUrl":"raw_drive_url","pageCountStored":1,"pdfPageCount":1,"pgLineCount":5,"sheetLineCount":5,"cleanLines":3,"heldLines":2,"extendedSum":625.58,"storedTotal":936.68,"totalDiff":-311.1,"totalReconciles":false}
[backfill]   {"uuid":"3168806c-06fb-40e0-80b9-a6e7356221f1","vendor":"Kuna Foodservice","invoiceNumber":"236201-00","sourceUrl":"raw_drive_url","pageCountStored":1,"pdfPageCount":1,"pgLineCount":1,"sheetLineCount":1,"cleanLines":1,"heldLines":0,"extendedSum":51.35,"storedTotal":54.29,"totalDiff":-2.94,"totalReconciles":false}
[backfill]   {"uuid":"f4d4eb56-a1dd-410f-aa47-e4090fe5f4f8","vendor":"Truly Good Foods","invoiceNumber":"25086205","sourceUrl":"raw_drive_url","pageCountStored":3,"pdfPageCount":3,"pgLineCount":34,"sheetLineCount":34,"cleanLines":34,"heldLines":0,"extendedSum":1399.65,"storedTotal":1399.65,"totalDiff":0,"totalReconciles":true}
[backfill]   {"uuid":"6431a74a-a88d-4914-abaf-a0a1a962844b","vendor":"City Seafood","invoiceNumber":"INV24975","sourceUrl":"raw_drive_url","pageCountStored":1,"pdfPageCount":1,"pgLineCount":1,"sheetLineCount":1,"cleanLines":1,"heldLines":0,"extendedSum":172.08,"storedTotal":172.08,"totalDiff":0,"totalReconciles":true}
[backfill]   {"uuid":"ca4cd006-07ef-4bbd-8008-65582cc0961f","vendor":"What Chefs Want","invoiceNumber":"12669842","sourceUrl":"raw_drive_url","pageCountStored":1,"pdfPageCount":1,"pgLineCount":10,"sheetLineCount":10,"cleanLines":10,"heldLines":0,"extendedSum":537.65,"storedTotal":537.65,"totalDiff":0,"totalReconciles":true}
[backfill]   {"uuid":"8153b5df-4f03-4af9-8417-381038631a2e","vendor":"Kuna Foodservice","invoiceNumber":"237201","sourceUrl":"raw_drive_url","pageCountStored":1,"pdfPageCount":1,"pgLineCount":3,"sheetLineCount":3,"cleanLines":3,"heldLines":0,"extendedSum":251.55,"storedTotal":157.11,"totalDiff":94.44,"totalReconciles":false}
[backfill]   {"uuid":"b54dc69d-f13b-4488-845b-be4f1fc80f21","vendor":"Rolling Lawn Farms","invoiceNumber":"129924","sourceUrl":"raw_drive_url","pageCountStored":1,"pdfPageCount":1,"pgLineCount":4,"sheetLineCount":4,"cleanLines":4,"heldLines":0,"extendedSum":119.76,"storedTotal":119.76,"totalDiff":0,"totalReconciles":true}
[backfill]   {"uuid":"c9a2ad56-ab3a-46e5-974f-c6b80dfe1257","vendor":"Fortune Fish & Gourmet","invoiceNumber":"365254-26-06","sourceUrl":"raw_drive_url","pageCountStored":1,"pdfPageCount":1,"pgLineCount":1,"sheetLineCount":1,"cleanLines":1,"heldLines":0,"extendedSum":94.99,"storedTotal":94.99,"totalDiff":0,"totalReconciles":true}
[backfill]   {"uuid":"dfca0afa-a5a5-4107-bcaa-cfb6daeb97e8","vendor":"Fortune Fish & Gourmet","invoiceNumber":"365242-26-06","sourceUrl":"raw_drive_url","pageCountStored":1,"pdfPageCount":1,"pgLineCount":8,"sheetLineCount":8,"cleanLines":8,"heldLines":0,"extendedSum":1191.22,"storedTotal":1191.22,"totalDiff":0,"totalReconciles":true}
[backfill]   {"uuid":"f2dde01a-c120-4ccd-8528-62b94db5d6da","vendor":"What Chefs Want","invoiceNumber":"12679163","sourceUrl":"raw_drive_url","pageCountStored":2,"pdfPageCount":2,"pgLineCount":31,"sheetLineCount":31,"cleanLines":30,"heldLines":1,"extendedSum":1051.48,"storedTotal":1051.48,"totalDiff":0,"totalReconciles":true}
[backfill]   {"uuid":"eb80996e-b797-491d-b45e-f1b9445b1c87","vendor":"City Seafood","invoiceNumber":"INV25019","sourceUrl":"raw_drive_url","pageCountStored":1,"pdfPageCount":1,"pgLineCount":3,"sheetLineCount":3,"cleanLines":3,"heldLines":0,"extendedSum":1285.96,"storedTotal":1285.95,"totalDiff":0.01,"totalReconciles":true}
[backfill]   {"uuid":"657372e9-e36c-4749-b14d-95a428b0a935","vendor":"Kuna Foodservice","invoiceNumber":"238653-00","sourceUrl":"raw_drive_url","pageCountStored":1,"pdfPageCount":1,"pgLineCount":11,"sheetLineCount":11,"cleanLines":10,"heldLines":1,"extendedSum":73.94,"storedTotal":384.9,"totalDiff":-310.96,"totalReconciles":false}
[backfill]   {"uuid":"24b3913c-ed37-4f15-b95d-e40403994e5e","vendor":"Kuna Foodservice","invoiceNumber":"238727-00","sourceUrl":"raw_drive_url","pageCountStored":1,"pdfPageCount":1,"pgLineCount":3,"sheetLineCount":3,"cleanLines":3,"heldLines":0,"extendedSum":0,"storedTotal":139.25,"totalDiff":-139.25,"totalReconciles":false}
[backfill]   {"uuid":"f15002e0-44a0-43b9-a4c4-3ed28dc8a239","vendor":"Kuna Foodservice","invoiceNumber":"238683","sourceUrl":"raw_drive_url","pageCountStored":1,"pdfPageCount":1,"pgLineCount":5,"sheetLineCount":5,"cleanLines":4,"heldLines":1,"extendedSum":450.9,"storedTotal":1237.35,"totalDiff":-786.45,"totalReconciles":false}
[backfill]   {"uuid":"337bd0b0-57c3-43a1-b76e-508d23767838","vendor":"What Chefs Want","invoiceNumber":"12679164","sourceUrl":"raw_drive_url","pageCountStored":1,"pdfPageCount":1,"pgLineCount":1,"sheetLineCount":1,"cleanLines":1,"heldLines":0,"extendedSum":37.2,"storedTotal":37.2,"totalDiff":0,"totalReconciles":true}
[backfill]   {"uuid":"7f9e9e96-9c71-498a-8985-6ffc9927a595","vendor":"What Chefs Want","invoiceNumber":"12683229","sourceUrl":"raw_drive_url","pageCountStored":1,"pdfPageCount":1,"pgLineCount":3,"sheetLineCount":3,"cleanLines":3,"heldLines":0,"extendedSum":227.3,"storedTotal":227.3,"totalDiff":0,"totalReconciles":true}
[backfill]   {"uuid":"e83b9409-1655-42c3-b68d-440a18aab3ff","vendor":"Fortune Fish & Gourmet","invoiceNumber":"365975-26-06","sourceUrl":"raw_drive_url","pageCountStored":1,"pdfPageCount":1,"pgLineCount":3,"sheetLineCount":3,"cleanLines":3,"heldLines":0,"extendedSum":287.86,"storedTotal":287.86,"totalDiff":0,"totalReconciles":true}
[backfill]   {"uuid":"403a0db3-7f4d-4657-9de4-d8c961d5904f","vendor":"Fortune Fish & Gourmet","invoiceNumber":"365537-26-06","sourceUrl":"raw_drive_url","pageCountStored":1,"pdfPageCount":1,"pgLineCount":5,"sheetLineCount":5,"cleanLines":5,"heldLines":0,"extendedSum":214.87,"storedTotal":214.87,"totalDiff":0,"totalReconciles":true}
[backfill]   {"uuid":"85ad78eb-6333-4f5b-8414-d82fd3d22d76","vendor":"Fortune Fish & Gourmet","invoiceNumber":"365538-26-06","sourceUrl":"raw_drive_url","pageCountStored":1,"pdfPageCount":1,"pgLineCount":2,"sheetLineCount":2,"cleanLines":2,"heldLines":0,"extendedSum":156.89,"storedTotal":156.89,"totalDiff":0,"totalReconciles":true}
[backfill]   {"uuid":"6b23bfcd-d971-44e5-8861-c7edab0e79d1","vendor":"What Chefs Want","invoiceNumber":"12687166","sourceUrl":"raw_drive_url","pageCountStored":1,"pdfPageCount":1,"pgLineCount":1,"sheetLineCount":1,"cleanLines":1,"heldLines":0,"extendedSum":192.6,"storedTotal":192.6,"totalDiff":0,"totalReconciles":true}
[backfill]   {"uuid":"09f32e81-7610-4835-8b6b-985bb3685ea7","vendor":"Kuna Foodservice","invoiceNumber":"236866-00","sourceUrl":"raw_drive_url","pageCountStored":2,"pdfPageCount":2,"pgLineCount":42,"sheetLineCount":42,"cleanLines":42,"heldLines":0,"extendedSum":1509.66,"storedTotal":3829.87,"totalDiff":-2320.21,"totalReconciles":false}
[backfill]   {"uuid":"c4566f29-48a8-46d0-92af-59a432f45bbe","vendor":"Kuna Foodservice","invoiceNumber":"244299-00","sourceUrl":"raw_drive_url","pageCountStored":1,"pdfPageCount":1,"pgLineCount":3,"sheetLineCount":3,"cleanLines":3,"heldLines":0,"extendedSum":200.48,"storedTotal":291.29,"totalDiff":-90.81,"totalReconciles":false}
[backfill]   {"uuid":"19e9afc2-25f1-406e-beba-7cd59a5d9de0","vendor":"Kuna Foodservice","invoiceNumber":"244307-00","sourceUrl":"raw_drive_url","pageCountStored":1,"pdfPageCount":1,"pgLineCount":1,"sheetLineCount":1,"cleanLines":1,"heldLines":0,"extendedSum":57.08,"storedTotal":60.35,"totalDiff":-3.27,"totalReconciles":false}
[backfill]   {"uuid":"4a0502db-ee05-48a8-90ff-e1d904e1156d","vendor":"Kuna Foodservice","invoiceNumber":"242561-00","sourceUrl":"raw_drive_url","pageCountStored":4,"pdfPageCount":4,"pgLineCount":45,"sheetLineCount":45,"cleanLines":20,"heldLines":25,"extendedSum":8050.63,"storedTotal":8300.89,"totalDiff":-250.26,"totalReconciles":false}
[backfill]   {"uuid":"86472987-5028-4148-9085-4bea41d5a3a3","vendor":"Kuna Foodservice","invoiceNumber":"243661-00","sourceUrl":"raw_drive_url","pageCountStored":1,"pdfPageCount":1,"pgLineCount":3,"sheetLineCount":3,"cleanLines":2,"heldLines":1,"extendedSum":62.72,"storedTotal":68.38,"totalDiff":-5.66,"totalReconciles":false}
[backfill]   {"uuid":"db46bfd1-2e92-4ffe-bb4b-811a9783fcff","vendor":"Fortune Fish & Gourmet","invoiceNumber":"367713-26-06","sourceUrl":"raw_drive_url","pageCountStored":1,"pdfPageCount":1,"pgLineCount":1,"sheetLineCount":1,"cleanLines":1,"heldLines":0,"extendedSum":111.71,"storedTotal":111.71,"totalDiff":0,"totalReconciles":true}
[backfill]   {"uuid":"c35fafff-bfcf-4682-a9ca-3a9b75655bc3","vendor":"Fortune Fish & Gourmet","invoiceNumber":"367710-26-06","sourceUrl":"raw_drive_url","pageCountStored":1,"pdfPageCount":1,"pgLineCount":6,"sheetLineCount":6,"cleanLines":6,"heldLines":0,"extendedSum":769.86,"storedTotal":769.86,"totalDiff":0,"totalReconciles":true}
[backfill]   {"uuid":"cc927c4f-e916-4977-93c5-9fc695a1c786","vendor":"Fortune Fish & Gourmet","invoiceNumber":"367709-26-06","sourceUrl":"raw_drive_url","pageCountStored":1,"pdfPageCount":1,"pgLineCount":6,"sheetLineCount":6,"cleanLines":6,"heldLines":0,"extendedSum":360.96,"storedTotal":360.96,"totalDiff":0,"totalReconciles":true}
[backfill]   {"uuid":"bc3db91d-1cda-4fa6-8d3b-10eb47d504b8","vendor":"What Chefs Want","invoiceNumber":"12715275","sourceUrl":"raw_drive_url","pageCountStored":1,"pdfPageCount":1,"pgLineCount":2,"sheetLineCount":2,"cleanLines":2,"heldLines":0,"extendedSum":79.3,"storedTotal":79.3,"totalDiff":0,"totalReconciles":true}
[backfill]   {"uuid":"5dd485cc-0f7f-4d15-a606-17cb3390ac63","vendor":"What Chefs Want","invoiceNumber":"12710245","sourceUrl":"raw_drive_url","pageCountStored":1,"pdfPageCount":1,"pgLineCount":1,"sheetLineCount":1,"cleanLines":1,"heldLines":0,"extendedSum":38.15,"storedTotal":38.15,"totalDiff":0,"totalReconciles":true}
[backfill]   {"uuid":"25e28590-b4bd-4c01-bd77-6bdc05185643","vendor":"What Chefs Want","invoiceNumber":"12715251","sourceUrl":"raw_drive_url","pageCountStored":1,"pdfPageCount":1,"pgLineCount":8,"sheetLineCount":8,"cleanLines":8,"heldLines":0,"extendedSum":239.95,"storedTotal":239.95,"totalDiff":0,"totalReconciles":true}
[backfill]   {"uuid":"7b45adb1-0d4e-4091-8d4f-beea49c1e637","vendor":"What Chefs Want","invoiceNumber":"1479818","sourceUrl":"raw_drive_url","pageCountStored":1,"pdfPageCount":1,"pgLineCount":1,"sheetLineCount":1,"cleanLines":0,"heldLines":1,"extendedSum":-46.15,"storedTotal":-46.15,"totalDiff":0,"totalReconciles":true}
[backfill]   {"uuid":"055bedb6-a1e1-4eee-946b-12d9a392be6f","vendor":"What Chefs Want","invoiceNumber":"1479661","sourceUrl":"raw_drive_url","pageCountStored":1,"pdfPageCount":1,"pgLineCount":2,"sheetLineCount":2,"cleanLines":2,"heldLines":0,"extendedSum":0,"storedTotal":-95.85,"totalDiff":95.85,"totalReconciles":false}
[backfill]   {"uuid":"3807f660-3f88-4c82-8003-63d692e05154","vendor":"What Chefs Want","invoiceNumber":"12707079","sourceUrl":"raw_drive_url","pageCountStored":1,"pdfPageCount":1,"pgLineCount":3,"sheetLineCount":3,"cleanLines":3,"heldLines":0,"extendedSum":137,"storedTotal":137,"totalDiff":0,"totalReconciles":true}
[backfill]   {"uuid":"d19bf6db-de1d-4bbb-930c-80a672d5d9c8","vendor":"What Chefs Want","invoiceNumber":"12710246","sourceUrl":"raw_drive_url","pageCountStored":3,"pdfPageCount":3,"pgLineCount":75,"sheetLineCount":75,"cleanLines":73,"heldLines":2,"extendedSum":2649.75,"storedTotal":2649.7,"totalDiff":0.05,"totalReconciles":true}
[backfill]   {"uuid":"38249dd3-1ed7-4ccf-8f90-e8d8a797b9f0","vendor":"Rolling Lawn Farms","invoiceNumber":"130060","sourceUrl":"raw_drive_url","pageCountStored":1,"pdfPageCount":1,"pgLineCount":6,"sheetLineCount":6,"cleanLines":6,"heldLines":0,"extendedSum":185.16,"storedTotal":185.16,"totalDiff":0,"totalReconciles":true}
[backfill]   {"uuid":"7287290f-1b7b-457d-a56f-a2c4302b8ff6","vendor":"Grey Eagle","invoiceNumber":"645991","sourceUrl":"raw_drive_url","pageCountStored":1,"pdfPageCount":1,"pgLineCount":4,"sheetLineCount":4,"cleanLines":3,"heldLines":1,"extendedSum":1673.75,"storedTotal":1673.75,"totalDiff":0,"totalReconciles":true}
[backfill]   {"uuid":"7f8b073d-31ef-4336-bff5-dfb73f3cb0f7","vendor":"Lohr Distribution","invoiceNumber":"2834299","sourceUrl":"raw_drive_url","pageCountStored":1,"pdfPageCount":1,"pgLineCount":3,"sheetLineCount":3,"cleanLines":3,"heldLines":0,"extendedSum":2778.9,"storedTotal":2778.9,"totalDiff":0,"totalReconciles":true}
[backfill]   {"uuid":"7d1de642-9a99-4ad6-8886-acf53406d68a","vendor":"Truly Good Foods","invoiceNumber":"25091695","sourceUrl":"raw_drive_url","pageCountStored":2,"pdfPageCount":2,"pgLineCount":21,"sheetLineCount":21,"cleanLines":21,"heldLines":0,"extendedSum":1102.03,"storedTotal":911.7,"totalDiff":190.33,"totalReconciles":false}
[backfill]   {"uuid":"759336e7-dd4a-40ab-8c8a-1897b281b429","vendor":"Fortune Fish & Gourmet","invoiceNumber":"368172-26-06","sourceUrl":"raw_drive_url","pageCountStored":1,"pdfPageCount":1,"pgLineCount":2,"sheetLineCount":2,"cleanLines":2,"heldLines":0,"extendedSum":42.58,"storedTotal":42.58,"totalDiff":0,"totalReconciles":true}
[backfill]   {"uuid":"d879efb3-76f3-49fe-8f14-af851348e71e","vendor":"Fortune Fish & Gourmet","invoiceNumber":"368173-26-06","sourceUrl":"raw_drive_url","pageCountStored":1,"pdfPageCount":1,"pgLineCount":4,"sheetLineCount":4,"cleanLines":4,"heldLines":0,"extendedSum":271.02,"storedTotal":271.02,"totalDiff":0,"totalReconciles":true}
[backfill]   {"uuid":"50027663-bffa-43c2-9de1-c6ebeecb7aad","vendor":"City Seafood","invoiceNumber":"INV25507","sourceUrl":"raw_drive_url","pageCountStored":1,"pdfPageCount":1,"pgLineCount":5,"sheetLineCount":5,"cleanLines":5,"heldLines":0,"extendedSum":628.28,"storedTotal":628.27,"totalDiff":0.01,"totalReconciles":true}
[backfill]   {"uuid":"ae4d0b6a-f26c-4a05-8157-70e00bf045f0","vendor":"City Seafood","invoiceNumber":"INV25525","sourceUrl":"raw_drive_url","pageCountStored":1,"pdfPageCount":1,"pgLineCount":1,"sheetLineCount":1,"cleanLines":1,"heldLines":0,"extendedSum":163.1,"storedTotal":163.1,"totalDiff":0,"totalReconciles":true}
[backfill]   {"uuid":"d028dbf9-6e3a-46da-87aa-b8d57da4f69a","vendor":"City Seafood","invoiceNumber":"INV25406","sourceUrl":"raw_drive_url","pageCountStored":1,"pdfPageCount":1,"pgLineCount":5,"sheetLineCount":5,"cleanLines":5,"heldLines":0,"extendedSum":1123,"storedTotal":1123.01,"totalDiff":-0.01,"totalReconciles":true}
[backfill]   {"uuid":"3bd6811a-e0f1-4c31-92d4-3158ae43d8f2","vendor":"Kuna Foodservice","invoiceNumber":"244833-00","sourceUrl":"raw_drive_url","pageCountStored":1,"pdfPageCount":1,"pgLineCount":4,"sheetLineCount":4,"cleanLines":4,"heldLines":0,"extendedSum":531.42,"storedTotal":129.36,"totalDiff":402.06,"totalReconciles":false}
[backfill]   {"uuid":"44e30dbd-f796-4d85-80ab-8650902854dc","vendor":"What Chefs Want","invoiceNumber":"12710247","sourceUrl":"raw_drive_url","pageCountStored":1,"pdfPageCount":1,"pgLineCount":1,"sheetLineCount":1,"cleanLines":1,"heldLines":0,"extendedSum":29.2,"storedTotal":29.2,"totalDiff":0,"totalReconciles":true}
[backfill]   {"uuid":"b64668e3-db4b-4903-80a1-b5417ddf269e","vendor":"What Chefs Want","invoiceNumber":"12719288","sourceUrl":"raw_drive_url","pageCountStored":1,"pdfPageCount":1,"pgLineCount":8,"sheetLineCount":8,"cleanLines":8,"heldLines":0,"extendedSum":312.05,"storedTotal":312.05,"totalDiff":0,"totalReconciles":true}
[backfill]   {"uuid":"eb62ba68-7df1-411b-87c1-efd8220ec6cf","vendor":"What Chefs Want","invoiceNumber":"12719299","sourceUrl":"raw_drive_url","pageCountStored":1,"pdfPageCount":1,"pgLineCount":1,"sheetLineCount":1,"cleanLines":1,"heldLines":0,"extendedSum":39.15,"storedTotal":39.15,"totalDiff":0,"totalReconciles":true}
[backfill]   {"uuid":"591c50f5-f968-4705-990c-3d8bd6f1a877","vendor":"What Chefs Want","invoiceNumber":"12719344","sourceUrl":"raw_drive_url","pageCountStored":1,"pdfPageCount":1,"pgLineCount":1,"sheetLineCount":1,"cleanLines":1,"heldLines":0,"extendedSum":25.15,"storedTotal":25.15,"totalDiff":0,"totalReconciles":true}
[backfill]   {"uuid":"a546861f-8394-4fb3-b53f-1f06fdb4b281","vendor":"What Chefs Want","invoiceNumber":"12724853","sourceUrl":"raw_drive_url","pageCountStored":2,"pdfPageCount":2,"pgLineCount":43,"sheetLineCount":43,"cleanLines":42,"heldLines":1,"extendedSum":1740.25,"storedTotal":1740.25,"totalDiff":0,"totalReconciles":true}
[backfill]   {"uuid":"54fa2de2-02c4-4df7-94f4-c732d9e9acbc","vendor":"What Chefs Want","invoiceNumber":"12710247","sourceUrl":"raw_drive_url","pageCountStored":1,"pdfPageCount":1,"pgLineCount":1,"sheetLineCount":1,"cleanLines":1,"heldLines":0,"extendedSum":29.2,"storedTotal":29.2,"totalDiff":0,"totalReconciles":true}
[backfill]
[backfill] No item_catalog / price_history writes performed; the cron's
[backfill] arithmetic gate applies on its next run (Railway nightly).
